-- phpMyAdmin SQL Dump
-- version 5.1.1
-- https://www.phpmyadmin.net/
--
-- Host: 127.0.0.1
-- Generation Time: Aug 31, 2022 at 08:43 AM
-- Server version: 10.4.22-MariaDB
-- PHP Version: 7.4.27

SET SQL_MODE = "NO_AUTO_VALUE_ON_ZERO";
START TRANSACTION;
SET time_zone = "+00:00";


/*!40101 SET @OLD_CHARACTER_SET_CLIENT=@@CHARACTER_SET_CLIENT */;
/*!40101 SET @OLD_CHARACTER_SET_RESULTS=@@CHARACTER_SET_RESULTS */;
/*!40101 SET @OLD_COLLATION_CONNECTION=@@COLLATION_CONNECTION */;
/*!40101 SET NAMES utf8mb4 */;

--
-- Database: `rp_db`
--

-- --------------------------------------------------------

--
-- Table structure for table `admins`
--

CREATE TABLE `admins` (
  `admin_id` int(11) NOT NULL,
  `admin_name` varchar(50) NOT NULL,
  `admin_email` varchar(50) NOT NULL,
  `admin_password` varchar(60) NOT NULL
) ENGINE=InnoDB DEFAULT CHARSET=utf8mb4;

--
-- Dumping data for table `admins`
--

INSERT INTO `admins` (`admin_id`, `admin_name`, `admin_email`, `admin_password`) VALUES
(2, 'Erika Montevirgen', 'eagmn.01@gmail.com', '$2b$10$SemzXay8hEjBliC3OwNhyOwrAuERpCJX5XSHhgqSWSkT.Rej6vc1i');

-- --------------------------------------------------------

--
-- Table structure for table `ing`
--

CREATE TABLE `ing` (
  `ing_id` int(11) NOT NULL,
  `ing_name` varchar(100) NOT NULL
) ENGINE=InnoDB DEFAULT CHARSET=utf8mb4;

--
-- Dumping data for table `ing`
--

INSERT INTO `ing` (`ing_id`, `ing_name`) VALUES
(1, 'oil'),
(2, 'onion'),
(3, 'garlic'),
(4, 'pork belly'),
(5, 'bagoong'),
(6, 'tomato'),
(7, 'kalabasa'),
(8, 'okra'),
(9, 'sitaw'),
(10, 'ampalaya'),
(11, 'eggplant'),
(12, 'water'),
(13, 'pork face'),
(14, 'laurel leaves'),
(15, 'pork liver'),
(16, 'pork brain'),
(17, 'calamansi juice'),
(18, 'ginger'),
(19, 'chili peppers'),
(20, 'salt'),
(21, 'salt and pepper'),
(22, 'sweet wine'),
(23, 'pork tenderloin'),
(24, 'vinegar'),
(25, 'soy sauce'),
(26, 'red bell pepper'),
(27, 'beef liver'),
(28, 'green peas'),
(29, 'pork fat'),
(30, 'beef heart'),
(31, 'beef small intestine'),
(32, 'beef tripe'),
(33, 'onion powder'),
(34, 'beef kidney'),
(35, 'sinigang sa sampaloc mix'),
(36, 'long green pepper'),
(37, 'beef bile'),
(38, 'bangus'),
(39, 'malunggay'),
(40, 'squash flower'),
(41, 'bagoong isda'),
(42, 'glutinous rice flour'),
(43, 'sweet rice flour'),
(44, 'coconut milk'),
(45, ' white sugar'),
(46, 'evaporated milk'),
(47, 'margarine'),
(48, 'cheddar cheese'),
(49, 'egg yolks'),
(50, 'egg'),
(51, 'coconut cream'),
(52, 'dried gabi leaves'),
(53, 'birds eye chillies'),
(54, 'fresh cassava'),
(55, 'condensed milk'),
(56, 'pancit bato'),
(57, 'cabbage'),
(58, 'carrot'),
(59, 'snap peas'),
(60, 'chicken broth'),
(61, 'pork'),
(62, 'shrimp'),
(63, 'fish sauce'),
(64, 'tilapia'),
(65, 'shallot'),
(66, 'tamarind powder'),
(67, 'pechay'),
(68, 'pandan leaves'),
(69, 'flour'),
(70, 'milk'),
(71, 'butter'),
(72, 'yeast'),
(73, 'pork shoulder'),
(74, 'knorr ginataang gulay mix'),
(75, 'pork blood'),
(76, 'pork heart'),
(77, 'pork lungs'),
(78, 'pork neck'),
(79, 'bay leaves'),
(80, 'chilli'),
(81, 'lemongrass'),
(82, 'black pepper'),
(83, 'musovado sugar'),
(84, 'beef'),
(85, 'achuete seeds'),
(86, 'achuete extract'),
(87, 'green langka'),
(88, 'red chilli peppers'),
(89, 'green chilli peppers'),
(90, 'beef cube'),
(91, 'sinigang mix'),
(92, 'chicken'),
(93, 'coconut juice'),
(94, 'coconut meat'),
(95, 'green papaya'),
(96, 'spinach'),
(97, 'knorr pork cube'),
(98, 'clear soft drink'),
(99, 'banana blossoms'),
(100, 'black beans'),
(101, 'brown sugar'),
(102, 'peppercorns'),
(103, 'pork intestines'),
(104, 'cornstarch'),
(105, 'vetsin'),
(106, 'banana leaves'),
(107, 'bamboo string'),
(108, 'onion leeks'),
(109, 'ubad'),
(110, 'batwan'),
(111, 'chicken concentrate'),
(112, 'rice flour'),
(113, 'vanilla extract'),
(114, 'saluyot leaves'),
(115, 'alugbati'),
(116, 'kulitis'),
(117, 'bagoong alamang'),
(118, 'beef shank'),
(119, 'saba'),
(120, 'bamboo shoots'),
(121, 'sweet corn'),
(122, 'bok choy'),
(123, 'spring onion'),
(124, 'miki noodles'),
(125, 'chicharon'),
(126, 'pork cheeks'),
(127, 'chicken liver'),
(128, 'rock salt'),
(129, 'ground pepper'),
(130, 'siling labuyo'),
(131, 'chorizo de bilbao'),
(132, 'chicken thigh'),
(133, 'glutinous rice'),
(134, 'green bell pepper'),
(135, 'redfrog crab'),
(136, 'sprite'),
(137, 'tuna'),
(138, 'cucumber'),
(139, 'lemon '),
(140, 'coconut'),
(141, 'green onion'),
(142, 'raisins'),
(143, 'turmeric powder'),
(144, 'hard-boiled eggs'),
(145, 'beef ribs'),
(146, 'turmeric'),
(147, 'galangal'),
(148, 'beef broth'),
(149, 'bbq sticks'),
(150, 'annatto powder'),
(151, 'oregano'),
(152, 'green finger chili'),
(153, 'sugar'),
(154, 'kangkong'),
(155, 'fresh guavas'),
(156, 'gabi'),
(157, 'chicken cube'),
(158, 'whole milkfish'),
(159, 'large shrimps'),
(160, 'peanut '),
(161, 'curry powder'),
(162, 'taro root'),
(163, 'boiled basmati rice'),
(164, 'mint leaves'),
(165, 'coriander powder'),
(166, 'garlic paste'),
(167, 'tomato puree'),
(168, 'white onion'),
(169, 'green cardamom'),
(170, 'garam masala powder'),
(171, 'saffron'),
(172, ' ginger paste'),
(173, 'cumin seeds'),
(174, 'refined oil'),
(175, 'shallots'),
(176, 'ground black pepper'),
(177, 'white rice'),
(178, 'boiled egg'),
(179, 'snow peas'),
(180, 'fish ball'),
(181, 'hamonado longganisa'),
(182, 'pork butt'),
(183, 'chicken breast'),
(184, 'kinchay'),
(185, 'napa cabbage'),
(186, 'oyster sauce'),
(187, 'pancit canton'),
(188, 'chicken stock'),
(189, 'rice noodles'),
(190, 'vegetable oil'),
(191, 'pork hamonado'),
(192, 'celery'),
(193, 'calamansi'),
(194, 'ground pork'),
(195, 'anatto seeds'),
(196, 'pork broth'),
(197, 'shrimp bouillon'),
(198, 'all purpose flour'),
(199, 'firm tofu'),
(200, 'tinapa flakes'),
(201, 'pig'),
(202, 'squid'),
(203, 'cilantro'),
(204, 'garlic powder'),
(205, 'lumpia wrapper'),
(206, 'tomato sauce'),
(207, 'liver spread'),
(208, 'chili flakes'),
(209, 'potato'),
(210, 'green olives'),
(211, 'oxtail'),
(212, 'banana flower bud'),
(213, 'ground peanuts'),
(214, 'peanut butter'),
(215, 'toasted ground rice'),
(216, 'pork ribs'),
(217, 'radish'),
(218, 'tamarind paste'),
(219, 'beef sirloin'),
(220, 'banana'),
(221, 'jackfruit'),
(222, 'pork leg'),
(223, 'ground turmeric'),
(224, 'crab meat'),
(225, 'chicken feet');

-- --------------------------------------------------------

--
-- Table structure for table `rec`
--

CREATE TABLE `rec` (
  `rec_id` int(11) NOT NULL,
  `rec_name` varchar(100) NOT NULL,
  `rec_desc` varchar(1000) NOT NULL,
  `rec_process` varchar(10000) NOT NULL,
  `rec_categ` varchar(500) NOT NULL,
  `rec_time` varchar(20) DEFAULT NULL,
  `rec_serving` varchar(10) DEFAULT NULL,
  `rec_src` varchar(500) NOT NULL,
  `rec_vid` varchar(500) DEFAULT NULL,
  `rec_cal` varchar(10) DEFAULT NULL,
  `rec_mealTime` varchar(50) NOT NULL,
  `rec_image` varchar(500) DEFAULT NULL,
  `rec_rate` int(11) DEFAULT NULL
) ENGINE=InnoDB DEFAULT CHARSET=utf8mb4;

--
-- Dumping data for table `rec`
--

INSERT INTO `rec` (`rec_id`, `rec_name`, `rec_desc`, `rec_process`, `rec_categ`, `rec_time`, `rec_serving`, `rec_src`, `rec_vid`, `rec_cal`, `rec_mealTime`, `rec_image`, `rec_rate`) VALUES
(1, 'Pinakbet', 'Pakbet is a Filipino dish made of pork and vegetables such as eggplant, okra, bitter melon, long beans, and calabasa. It\'s a delicious and nutritious dish served as a main entree or a side to fried fish or grilled meat.', '1. In pot over medium heat, heat oil. Add onions and garlic and cook, stirring regularly, until softened.\n2. Add pork and cook, stirring occasionally, until lightly browned.\n3. Add shrimp paste and continue to cook, stirring occasionally, until it begins to brown.\n4. Add tomatoes and cook, mashing with the back of a spoon, until softened and have released juice.\n5. Add water and bring to a boil. Lower heat, cover and cook for about 15 to 20 minutes or until meat is tender. Add more water in 1/2 cup increments as needed to maintain about 1 cup of liquid.\n6. Add squash and cook for about 2 minutes or until almost tender.\n7. Add long beans and continue to cook until tender-crisp.\n8. Add ampalaya, eggplant, and okra. Continue to cook for about 4 to 5 minutes or until vegetables are tender yet crisp.\n9. Season with salt and pepper to taste. Serve hot.', 'Luzon', '45 mins', '1', 'https://www.kawalingpinoy.com/pinakbet', 'https://www.youtube.com/embed/O67yWXyLi-s', '434.26 kca', 'Lunch, Dinner', 'pinakbet.jpg', 0),
(2, 'Dinakdakan', 'Give your tastebuds a culinary adventure! Dinakdakan is an acquired taste, but you won\'t be able to get enough once you try it. It\'s creamy, flavorful, and delicious as an appetizer or main dish!', '1. In a pot over medium heat, combine pork face, salt, peppercorns, bay leaves, and enough water to cover. Bring to a boil, skimming scum that accumulates on top.\n2. Lower heat, cover, and simmer for about 45 minutes to 1 hour or until meat is tender but not falling apart. With a slotted spoon, remove meat and drain well.\n3. Add liver to the pot and cook for about 3 to 5 minutes or until half-done. Remove from pan and drain well.\n4. Add pig brain to pot and cook for about 8 to 10 minutes. With a slotted spoon, remove brain and transfer into a bowl. With a fork, mash until smooth. Set aside.\n5. Over hot coals, grill pork for about 4 to 6 minutes on each side or until crisp and slightly charred. Allow to cool to touch and slice thinly\n6. Grill liver for about 3 to 5 minutes until nicely charred and fully cooked.\n7. In a large bowl, combine pork meat, onions, ginger, and chili peppers.\n8. Add calamansi juice and toss to combine.\n9. Add mashed pig brain and stir until well-distributed. Season with salt and pepper to taste.', 'Luzon', '1 hr 30 mins', '1', 'https://www.kawalingpinoy.com/dinakdakan/#wprm-recipe-container-33051', 'https://www.youtube.com/embed/6eMQq1sE2KU', '828 kcal', 'Lunch, Dinner', 'dinakdakan.jpg', 0),
(3, 'Igado', 'Igado made with pork tenderloin, green peas, and bell peppers in a savory sauce for an easy weeknight dinner. This Ilocano stew is hearty, flavorful, and delicious with steamed rice.', '1. In a bowl, combine pork strips, vinegar, soy sauce, onions, garlic, bay leaves, and peppercorns. Marinate for about 15 to 20 minutes.\n2. Drain meat from marinade, squeezing excess liquid. Reserve marinade and aromatics.\n3. In a pan over medium-high heat, heat oil. Add bell peppers and cook for about 30 seconds. Remove and set aside.\n4. In the pan, add pork and cook, stirring occasionally, until color changes.\n5. Add onions, garlic, peppercorns, and bay leaves (from marinating pork) and cook until softened and pork is lightly browned.\n6. Add reserved marinade and bring to a boil, uncovered and without stirring, for about 4 to 5 minutes. \n7. Add water and bring to a boil.\n8. Lower heat, cover, and simmer for about 25 to 30 minutes or until pork is tender and liquid is reduced. \n9. Add liver, stirring gently to combine, and continue to cook for about 4 to 5 minutes or until liver is cooked through and sauce is thickened. \n10. Add green peas and cook for about 2 to 3 minutes or until heated through. \n11. Add bell peppers and continue to cook for another 1 to 2 minutes or until tender yet crisp. Season with salt to taste. Serve hot.', 'Luzon', '1 hr 20 mins', '1', 'https://www.kawalingpinoy.com/igado/#wprm-recipe-container-27357', 'https://www.youtube.com/embed/z-L07euFjmc', '478kcal', 'Lunch, Dinner', 'igado.jpg', 0),
(4, 'Bagnet', 'Pork Bagnet is a type Filipino pork dish wherein pork belly (liempo) is boiled until it becomes very tender and then deep fried until the outside turns brown and crispy. This is almost the same as lechon kawali, except that traditional bagnet recipe do not use any seasoning at all. Instead, it utilizes pork fat in order to add flavor to the dish and this is done during the boiling process wherein pork fat or bacon grease is added in boiling water.', '1. Pour water in a deep cooking pot. Let boil. \n2. Add pork fat or bacon grease and then put the pork belly into the pot. Cover and boil in medium heat for 2 to 2 ½ hours or until the pork belly becomes very tender. \n3. Remove the pork belly from the cooking pot. Let the temperature cool down to a point wherein you can handle it with your hands. Tap the pork dry with a piece of paper towel. Set aside. \n4. Heat oil in a deep fryer or a deep cooking pot (until it reaches around 350F). \n5. Deep-fry the boiled pork belly for 15 minutes. \n6. Remove from the pot or deep fryer. Let excess oil drip. \n7. Cut into serving pieces. Serve with spicy vinegar or you can also use this as an ingredient to other dishes such as pinakbet and sinigang na may bagnet. \n8.Serve. Share and enjoy!', 'Luzon', '3 hrs 20 mins', '1', 'https://panlasangpinoy.com/cook-pork-bagnet-crispy-fried-pork-belly/#recipe', 'https://www.youtube.com/embed/Ipbhb9Dts3o', '', 'Lunch, Dinner', 'bagnet.jpg', 0),
(5, 'Papaitan', 'Traditional Filipino bitter soup made from cow’s innards. This is a special delicacy in the Northern part of the Philippines.', '1. Wash beef tripe and small intestine. Boil with ginger and dried bay leaves for 45 minutes. Remove from the pot and let it cool down. Slice into bite-size pieces. \n2. Heat oil in a pan. Sauté onion, garlic, and ginger until onion softens. \n3. Add beef heart and kidney. Sauté until it turns light brown. \n4. Put the tripe and small intestines into the pot. Cook for 2 minutes. \n5. Pour water into the pot. Let is boil. Adjust heat to low. Continue boiling until beef heart and kidney tenderizes. \n6. Add beef liver and bile. Stir. Cook for 15 minutes in medium heat. \n7. Add Knorr Sinigang sa Sampaloc Recipe Mix. \n8. Put long green peppers into the pot and season with salt and ground black pepper. Stir. Cook for 2 minutes. \n9. Transfer to a serving bowl. Serve hot.', 'Luzon', '1 hr 30 mins', '1', 'https://panlasangpinoy.com/beef-papaitan-pinapaitang-baka/#recipe', 'https://www.youtube.com/embed/9T_YSWrGask', '', 'Lunch, Dinner', 'papaitan.jpg', 0),
(6, 'Dinengdeng', 'Dinengdeng or inabraw is a Filipino vegetable dish that originated from the Ilocos region in the Philippines. It is composed of different vegetables that are usually grown in one’s backyard. This dish has a similarity with bulanglang and laswa; the obvious difference of Dinengdeng is the use of fried or grilled fish. Another notable difference is the addition of “bagoong isda”.', '1. Bring water to a boil in a large cooking pot. \n2. Add the ginger, onion, and tomato. Cook covered for 5 minutes. \n3. Pour-in the bagoong isda. Stir. \n4. Add okra and string beans. Stir and add the ampalaya. Cook in medium heat for 7 to 10 minutes. \n5. Put-in the squash flower and malunggay leaves. 6. Cook for 3 to 5 minutes. \nAdd the grilled milk fish. Let it stay for 3 to 5 minutes to add flavor to the dish. \n7. Serve. Share and enjoy!', 'Luzon', '45 mins', '1', 'https://panlasangpinoy.com/dinengdeng-recipe/#recipe', 'https://www.youtube.com/embed/o5CAtb5DSv0', '', 'Lunch, Dinner', 'dinengdeng.jpg', 0),
(7, 'Royal Bibingka', 'Royal Bibingka is not your regular bibingka. It is a popular rice cake that originated from Vigan, Ilocos Sur. It resembles a piece of mamon, or perhaps a Pinoy cheese cupcake at first glance, but it is a different piece of goodness that should not be ignored.', '1. Preheat oven to 350F. \n2. Combine the glutinous rice flour, sweet rice flour, and sugar in a bowl. Whisk until well blended. Set aside. \n3. In a clean bowl, beat the eggs, pour the evaporated milk and coconut milk and then continue to beat until all the ingredients are well incorporated. \n4. Gradually add the rice flour mixture to the bowl with wet ingredients and continue to whisk until the texture becomes soft. \n5. Brush margarine into the aluminum molds and then pour the mixture equally between all molds. Temporarily cover the molds with foil. \n6. Bake for 18 minutes. \n7. Remove the cover. Brush with more margarine and sprinkle cheese on top. Put back in the oven and continue to bake in 350F for 22 minutes. Set the oven to broil and broil for 8 minutes.', 'Luzon', '1 hr', '1', 'https://panlasangpinoy.com/royal-bibingka/#recipe', 'https://www.youtube.com/embed/herhjkHoajY', '', 'Breakfast, Meryenda', 'royal_bibingka.jpg', 0),
(8, 'Bicol Express', 'Bicol Express is the ultimate comfort food! With pork cubes cooked in coconut milk and chili peppers, it\'s rich, creamy, spicy and delicious! Serve with steamed rice for a hearty and big flavored meal!', '1. In a wide pot over medium heat, heat oil. \n2. Add onions and garlic and cook, stirring occasionally, until softened. \n3. Add pork and cook, stirring occasionally, until lightly browned. \n4. Add shrimp paste and cook, stirring occasionally, for about 1 to 2 minutes. \n5. Add coconut milk, water, and chili peppers. Bring to a simmer and cook for about 35 to 35 minutes or until pork is tender and liquid is reduced and begins to render fat. \n6. Add finger chilies and cook, stirring regularly, for about 1 to 2 minutes. \n7. Add coconut cream and continue to simmer until thickened and begins to render fat. \n8. Season with salt and pepper to taste. Serve hot.', 'Luzon', '1 hr 10 mins', '1', 'https://www.kawalingpinoy.com/bicol-express/#wprm-recipe-container-18335', 'https://www.youtube.com/embed/YCtl8YVtyzg', '1102kcal', 'Lunch, Dinner', 'bicol_express.jpg', 0),
(9, 'Laing', 'Laing made of dried taro leaves cooked with pork belly, coconut milk, and chili peppers is easy to make and sure to deliver big flavors. This classic Bicolano dish is creamy, spicy and delicious with steamed rice!', '1. Go through the dried leaves, and shred into pieces. Inspect for any other stray leaves accidentally mixed in during the drying process and discard. \n2. Remove and discard the dark green layers of the lemongrass until you get to the lighter green part. 3. Using the back of a knife, pound ends of stalks to release flavor and then chop. \n3. In a wide pan over medium heat, heat oil. Add onions, garlic, and ginger and cook, stirring occasionally, until softened and aromatic. \n4. Add pork and cook until lightly browned. Season with pepper to taste. \n5. Add shrimp paste and cook, stirring occasionally, for about 1 to 2 minutes. \n6. Add coconut milk and bring to a simmer. \n7. Add lemongrass and chili peppers. \n8. Add gabi leaves and with the spoon, push down into the liquid until moistened. Do not stir for the first 15 to 20 minutes. \n9. Lower heat, cover, and cook for about 25 to 30 minutes or until pork is fully cooked and leaves have softened. \n10. Add coconut cream and continue to cook for about 10 to 15 minutes or mixture is almost dry and begins to render fat. Season with salt to taste.', 'Luzon', '1 hr 15 mins', '1', 'https://www.kawalingpinoy.com/laing/#wprm-recipe-container-29178', 'https://www.youtube.com/embed/PX4SmyNlbJg', '927kcal', 'Lunch, Dinner', 'laing.jpg', 0),
(10, 'Nilupak na Kamoteng Kahoy', 'Nilupak is a Filipino sticky rice cake prepared by mashing and pounding sweetened cassava. It gives a soft and creamy feeling with hints of love and sweetness. This kakanin is usually topped with grated cheese which compliments the sweetness of the soft rice cake. It is commonly eaten as a midday snack or an afternoon dessert. One bite of this soft snack will melt your heart and will leave you wanting for more.', '1. Wash and peel the cassava. Cut into smaller pieces and remove the root-like part at the center of the cassava. \n2. Steam or boil the cassava pieces until they are soft but not too soggy. Do the fork test from time to time to check the softness of the cassava pieces. \n3. Mash the soft cassava pieces using a fork or a potato masher. Transfer the mashed cassava in a large mixing bowl and then add the melted butter, white sugar and the condensed milk. \n4. Mix and mash the ingredients until smooth and very sticky. \n5. Transfer the nilupak in a greased tray or banana leaf and shape as you desire. \n6. Decorate the top of the nilupak by adding textures using a fork. Top with cheese and ground peanuts.', 'Luzon', '', '10', 'https://yummykitchentv.com/nilupak-na-kamoteng-kahoy/#wpzoom-recipe-card', 'https://www.youtube.com/embed/F-aRJc0aePs', '', 'Breakfast, Meryenda', 'nilupak.jpg', 0),
(11, 'Pancit Bato Guisado', 'Pancit Bato is a noodle dish that closely resembles pancit canton. This originated in the province of Camarines Sur, Bicol region in a municipality known as Bato. I think that it is clear where this noodle dish got its name.', '1. Heat the cooking oil in a cooking pot or deep pan. \n2. Once the oil is hot, saute the garlic and onion. \n3. Add the sliced pork. Cook for 3 minutes. \nPour-in the soy sauce, fish sauce, and chicken broth. 4. Let boil. Simmer covered for 20 minutes. Add water if needed. \n5. Add the ground black pepper. Stir. \n6. Put-in the shrimp, snap peas, and carrots. Cook for a minute. \n7. Add the cabbage. Cook for 2 minutes. \n8. Put-in the noodles (pancit bato). Stir and cook until all the liquid is absorbed. The noodles should be soft. Otherwise, add a little water to soften the noodles. \n9. Transfer to a serving plate. \n10. Serve. Share and enjoy!', 'Luzon', '45 mins', '1', 'https://panlasangpinoy.com/pancit-bato-guisado/#recipe', 'https://www.youtube.com/embed/9_57oZycDgE', '', 'Breakfast, Meryenda', 'pancit_bato.jpg', 0),
(12, 'Sinanglay na Tilapita', 'Sinanglay na Tilapia stuffed with onions and tomatoes, wrapped in pechay leaves, and cooked in coconut milk is a Bicolano dish that’s sure to be a dinner favorite. It’s moist, flavorful, and best served with steamed rice.', '1. Wash fish and make sure innards are completely removed. Season with salt and pepper to taste. \n2. In a bowl, combine tomatoes, shallots, ginger, and tamarind powder. \n3. Rinse pandan leaves and pat dry. \n4. Divide tomato-onion mixture and gently spoon into the belly cavity of each fish. \n5. Wrap fish with pechay and tie with pandan to completely secure. \n6. In a wide pan, arrange prepared fish parcels in a single layer. \n7. Add coconut milk and chili peppers. Season with salt and pepper to taste. \n8. Cover and bring to a simmer over low heat. Continue to cook for about 20 to 25 minutes or until fish is cooked through and sauce is reduced. Serve hot.', 'Luzon', '45 mins', '1', 'https://www.kawalingpinoy.com/sinanglay-na-tilapia/#wprm-recipe-container-17910', 'https://www.youtube.com/embed/Mq8321XiALw', '356kcal', 'Lunch, Dinner', 'sinanglay_na_tilapia.jpg', 0),
(13, 'Chakoy', 'If Bicolanos aren\'t too impressed by beignets, it\'s probably because they have their own version of the fried, sugar-sprinkled treat. Similar to bicho-bicho and best enjoyed fresh from the fryer, this delicious roll is fluffy, with a nice crisp exterior and a light sweetness from brown sugar. Some bakeries even add a cheese filling! - Sasha Lim-Uy, Yummy.ph', '1. Melt the butter into medium heat, make sure the butter is not burn \n2. Add the milk, eggs, and the rest of the ingredients \n3. Stir it well, make sure that the sugar are dissolved properly. \n4. Pour the yeast inside and wait 1 hr and 40 minutes \n5. Deplete the dough, knead for 10 minute then rest for 40 minutes \n6. Knead a little bit then start cutting the desired size that you want to make then fry', 'Luzon', '', '', 'https://youtu.be/npA3cRIS-Zc', 'https://www.youtube.com/embed/npA3cRIS-Zc', '', 'Breakfast, Meryenda', 'chakoy.png', 0),
(14, 'Dinuguan Bicol', 'Bicol has their unique version of the popular Filipino stew, Dinuguan. Usually, Dinuguan is made with pork offal and meat cooked in pork blood, vinegar, and garlic. So, what\'s the Bicolano twist? You guessed it. Bicolanos add a spicy kick and creamy texture to their Dinuguan by using gata and chilis. - Racquel Quieta, GMA Network Entertainment', '1. Heat oil in a cooking pot.\n2. Sauté garlic and onion until the onion becomes soft\n3. Add the pork. Sauté until the color turns light brown.\n4. Add the ground black pepper. Stir.\n5. Pour-in 1 ½ cups water. Let boil. Cover and continue to cook in low to medium heat for 20 minutes.\n6. Pour the vinegar. Let the liquid reboil. Stir and continue to cook until the pork gets tender.\n7. Pour the pork blood into the pot while stirring. Cook for 12 minutes. Add salt if needed.\n8. Prepare the gata by combining ¾ cup lukewarm water and ginataang gulay mix. Stir until well blended.\n9. Pour the gata into the cooking pot. Stir and cook for 8 to 10 minutes.\n10. Add the long green chili peppers. Cook for 2 minutes more.\n11. Transfer to a serving bowl. Serve.\nShare and enjoy', 'Luzon', '50 mins', '1', 'https://panlasangpinoy.com/pork-dinuguan-sa-gata-recipe/', 'https://www.youtube.com/embed/sGN36bj3BF8', '', 'Lunch, Dinner', 'dinuguan_sa_gata.jpg', 0),
(15, 'Kandingga', 'Kanding-ga is the Bicolano’s way of preparing bopis, made with pork offal such as heart, lungs, spleen and other offal cooked in vinegar and coconut milk, spiked with chillies', '1. In a pot, add pork cheeks, heart and lungs, lemongrass, 1 cup of vinegar, 1 tbsp salt and enough water to cover the meat. Bring to a boil and cook for 30-40 minutes until meat is tender but not fully cooked.\n2. Remove meat, let it cool down then dice the meat finely, set aside.\n3. In a heavy pan, heat oil and sauté garlic and onions.\nAdd the chopped meat, birds eye chillies and bay leaves, stir fry for 10 minutes.\n4. Add capsicums, 1/2 cup of vinegar and coconut milk, bring to a boil and simmer in high heat until sauce thickens. Add more vinegar if you want it more sour.\n5. Add coconut cream then season with fish sauce and lots of freshly ground black pepper. Simmer for 2 minutes then serve.\n', 'Luzon', '1 hour and 30 mins', '1', 'https://www.angsarap.net/2018/10/08/kandingga/', 'https://www.youtube.com/embed/jWRVXp0dLCY', '452 kCal', 'Lunch, Dinner', 'kandingga.jpg', 0),
(16, 'Kapampangan Sisig', 'Sisig is a Kapampangan dish from parts of pig head and chicken liver. Then seasoned with calamansi, onions and chili peppers.', '1. Blanch the pork cheeks and remove hairs or other impurities. Then put in a pot with boiling water and boil for 20 to 30 minutes. Then remove from the pot and drain. Set aside and cool.\n2. Clean the chicken livers with running water and remove the bile if there is any and other impurities. Skewer in bamboo sticks and grill together with the pork cheeks. Grill until brown and crispy.\n3. Then remove from the grill and cool. Chop into very small pieces the pork cheeks and the chicken liver then put in a bowl. In the same bowl add chopped onions, salt, pepper and calamansi juice. Mix thoroughly until all the ingredients are well combined.\n4. Heat the sizzling plate on top of the stove until smoking. Add the margarine and melt in the sizzling plate. Then put the sisig on the plate and stir fry using a pair of spoon for a minute.\n5. Then turn off heat and transfer the sizzling plate on the wooden tray. Garnish with siling labuyo and slices of calamansi. Serve hot.', 'Luzon', '55 mins', '03-Apr', 'Sisig Kapampangan Recipe | Panlasang Pinoy Meaty Recipes (panlasangpinoymeatrecipes.com)', '', '320 kCal', 'Lunch, Dinner', 'sisig_kapampangan.jpg', 0),
(17, 'Bringhe', 'Bringhe, which is said to have originated from the northern province of Pampanga, is the Filipino’s indigenization of the Spanish paella. While the latter is made of bomba or arborio rice flavored with saffron, our local version is glutinous rice cooked in coconut milk and turmeric powder, giving it its distinct flavor and color.', '1. In a wide, thick-bottomed skillet over medium heat, heat oil. Add chorizo de bilbao and cook for about 1 to 2 minutes or until lightly browned. Remove from heat and set aside.\n2. Add chicken and cook, stirring occasionally, for about 4 to 5 minutes or until color changes and lightly browned. Remove from pan and set aside.\n3. In the pan, heat another tablespoon of oil. Add onions and garlic and cook until softened. \n4. Add rice and cook, stirring regularly, for about 2 to 3 minutes or until lightly toasted.\n5. Add fish sauce and continue to cook for 1 minute.\n6. Add the coconut milk, broth, chicken, chorizo de bilbao, julienned carrots, bell peppers, green peas, and raisins. \n7. Add turmeric powder and stir to combine. \n8. Season with salt and pepper to taste. Bring to a boil for about 3 to 5 minutes, stirring occasionally.\n9. Cover the rice mixture with banana leaves, cover the pan with lid, and continue to cook for about 15 to 20 minutes or until rice is fully cooked and liquid is absorbed.\n10. If you like to toast the bottom, transfer the rice to a wide pan lined with banana leaves, cover with banana leaves, and cook on medium heat until it forms “socarrat” (crust). Flip the rice so the toasted bottom goes to the top and continue to cook to again form a crust.\n11. To serve, garnish with red and green bell peppers, hardboiled eggs, and carrot florets.', 'Luzon', '1 hr 5 mins', '1', 'https://www.kawalingpinoy.com/bringhe/', 'https://www.youtube.com/embed/XJyues5qwa4', '673kcal', 'Lunch, Dinner', 'bringhe.jpg', 0),
(18, 'Pulutok', 'Putulok, aptly named because of the popping sounds the pieces of meat makes while sizzling in the pan, also means \"pumuputok\" in Tagalog. This version of Bopis is fried in the pan until the sauce disintegrates and the natural oil from the meat seeps out.', '1. In a deep pan over medium heat, add oil and annatto powder. Stir until annatto powder is dissolved and oil turn orange. Do the same if using annatto seeds just remove the seeds once it has colored enough, do not overcook or it might turn bitter. \n2. Saute garlic and onion in annatto oil until soft and aromatic. \n3. Stir in the pork lungs and cook for 5 minutes or until it turns brown in color. \n4. Pour in vinegar and let it simmer for 2 minutes without stirring. \n5. Season with salt and pepper and mix. Cover the pan with the lid and let it simmer until meat is tender. The juices will come out from the meat so no need to add water, but in case it becomes too dry and the meat is still tough, then add ½ cup at a time. \n6. Once meat is tender, remove the cover and add the carrots and green finger chili. Cook further, stirring from time to time, until most liquids are gone. \n7. You can stop at this point or cook it further to dry it out. Take a skillet or sizzling plate and scoop a batch into it. Cook over high heat until it starts to make popping sounds. \n8. Transfer in a serving plate or serve on a sizzling plate directly.', 'Luzon', '40 mins', '1', 'https://www.foxyfolksy.com/bopis-recipe/', 'https://www.youtube.com/embed/xzPteLQyGEk', '44KCAL', 'Lunch, Dinner', 'pulutok.jpg', 0),
(19, 'Pork Bulanglang', 'Pork Bulanglang is a Kapampangan Sinigang sa Bayabas is a Filipino sour soup that\'s delicious with steamed rice. Loaded with tender pork belly, vegetables, and a refreshing guava flavor, it\'s the ultimate cold weather comfort food.', '1. In a pot over medium heat, combine pork and water. Bring to a boil, skimming scum that floats on top. \n2. When the broth has cleared, add onions and fish sauce. \n3. Lower heat, cover, and continue to cook for about 1 to 1 1/2 hours or until pork is tender. Add more water in 1/2 cup increments, if needed, to maintain about 6 cups. \n4. Meanwhile, cut into guavas into halves and using a small spoon, scoop out the seeds. \n5. In a bowl, combine guava seeds and the remaining 1 cup water. Using the back of a spoon, mash to extract pulp and strain in a fine-mesh sieve. Reserve the guava juice and discard the seeds. \n6. Trim about 2 inches from the kangkongs stalks and discard. Cut kangkong into 3-inch lengths, separating the sturdier stalks from the leaves. Wash thoroughly and drain well. Set aside. \n7. Add gabi, sliced guava, and the guava juice to the pot and continue to cook for about 5 minutes or until tender. \n8. Season with salt to taste. \n9. Add kangkong beginning with the sturdier stalks and then the leaves. Continue to cook for about 1 to 2 minutes. Serve hot.', 'Luzon', '1 hr 35 mins', '1', 'https://www.kawalingpinoy.com/pork-bulanglang/', 'https://www.youtube.com/embed/nO1oFzyAqHU', '846kcal', 'Lunch, Dinner', 'pork_bulanglang.jpg', 0),
(20, 'Bangus at Hipon Bulanglang', 'Bulanglang na Bangus at Hipon is Kapampangan Bulanglang soup made of shrimp, fish, and guavas is delicious and refreshing on its own or with steamed rice.', '1. Cut into guavas into halves and using a small spoon, scoop out the seeds. \n2. In a bowl, combine guava seeds and pulp and 1 cup of the water. Using the back of a spoon, mash to extract pulp and strain in a fine-mesh sieve. Reserve the guava juice and discard the seeds. Set aside. \n3. Trim about 2 inches from the kangkong stalks and discard. Cut kangkong into 3-inch lengths, separating the sturdier stalks from the leaves. Wash thoroughly and drain well. Set aside. \n4. In a large pot over medium heat, combine the remaining 6 cups water, onion, and guavas. Bring to a boil. \n5. Lower heat, cover and simmer until guavas begin to soften. \n6. Add fish sauce and the extracted guava juice. \n7. Add milkfish and cook for about 4 to 5 minutes or until almost cooked through. \n8. Add shrimp and cook for about 4 to 5 minutes or until color changes. \n9. Season with salt to taste. \n10. Add kangkong and cook for about 30 seconds or until just wilted. Serve hot.', 'Luzon', '30 mins', '1', 'https://www.kawalingpinoy.com/bulanglang-na-bangus-at-hipon/', 'https://www.youtube.com/embed/OiJUEdEUVhM', '434kcal', 'Lunch, Dinner', 'bulanglang_hipon_bangus.jpg', 0),
(21, 'Chicken Binakol', 'Binakol is a type of Filipino soup that originated from the Aklan province. It’s traditionally cooked in a fresh node of bamboo or halved coconut shells.', '1. Cut the stem and leaf ends of the lemongrass. Peel a few layers to get to the white part. Cut into 2-inch lengths and pound until with the back of a knife to release flavor. Set aside. \n2. In a pot over medium heat, heat oil. Add onions, garlic, and ginger. Cook until softened. \n3. Add chicken and cook until color changes and juices run clear. \n4. Add fish sauce and cook for about 1 minute. \n5. Add coconut juice and bring to a boil, skimming any scum that may float on top. \n6. Add lemongrass. \n7. Lower heat, cover and continue to cook for about 20 to 25 minutes or until chicken is cooked through. \n8. Add papaya and cook for about 3 to 5 minutes or until tender. \n9. Add coconut meat and cook until heated through. \n10. Season with salt and pepper to taste. \n11. Add spinach leaves, pushing down into the broth. Turn off heat and cover pot. Serve hot.', 'Visayan', '1 hr', '1', 'https://www.kawalingpinoy.com/chicken-binakol/', 'https://www.youtube.com/embed/lkaCwb_Znbw', '575kcal', 'Lunch, Dinner', 'chicken_binakol.jpg', 0),
(22, 'Humba', 'Humba is pork belly with black beans and banana blossoms stewed in soy sauce and lemon lime soda. This is a popular Filipino dish in the southern parts of the Philippines.', '1. Heat a wok or pan. Sear pork belly until it turns brown and enough oil gets extracted from the fat. Remove the pork from the wok. Set aside.\n2. Heat around 3 tablespoons of oil. Sauté garlic and onion until the onion softens.\n3. Add the pork back into the wok and pour-in soy sauce. Sauté for 1 minute.\n4. Add vinegar. Continue sautéing until liquid dries-up.\n5. Pour clear soft drinks into the wok. Cover and let boil.\n6. Add crushed peppercorn. Adjust heat to low. Continue boiling for 35 minutes.\n7. Add banana blossoms and salted black beans. Cover the wok and continue cooking until the pork gets tender. Note: you can add water if needed.\n8. Add brown sugar. Stir. Cook for 1 minute.\n9. Transfer to a serving plate. Serve with warm rice.', 'Visayan', '2 hrs', '1', 'https://panlasangpinoy.com/how-to-cook-humba-bisaya-version/', 'https://www.youtube.com/embed/oRP2c10EBYY', '971kcal', 'Lunch, Dinner', 'humba_bisaya.jpg', 0),
(23, 'Piaya', 'Piyaya or Piaya is a type of unleavened toasted flatbread filled with muscovado and is a popular delicacy in Negros Occidental more specifically Bacolod City', '1. In a food processor combine flour and cold butter, process until it resembles coarse crumbs. \n2. Pour in ice water then continue until it clumps into one dough. Remove the dough from the food processor then place in a flour dusted work surface, knead gently then divide into six pieced. \n3. Flatten each piece with your finger, add 2 tsp of muscovado sugar in the middle, fold edges like a dumpling then roll into a flat circle roughly 4 inched in diameter. Do it with the remaining dough then cook in a pan with a bit of oil until golden brown on both sides. \n4. Serve as a whole or you can slice them into sections.', 'Visayan', '26 mins', '1', 'https://www.angsarap.net/2018/06/11/piyaya/', '', '401 kCal', 'Meryenda', 'piyaya.jpg', 0),
(24, 'Ginabot', 'Ginabot is a staple in pungko-pungko stalls. It is Cebu’s take on chicharon bulaklak, made of pig intestines and fried til golden brown.', '1. Along with the garlic, onion, ginger, and vinegar, boil the pig intestines.\n2. Once drained, slice the pork intestine into even slices. Use the minced garlic, salt, egg, and cornstarch to season them.\n3. Deep-fry the even slices on a pan with frying oil until golden brown.\n4. To remove excess oil, drain them with paper towels.\n5. Mix the ingredients for sauce.\n6. Dip the golden brown ginabot slices in the sauce, and eat with bare hands.', 'Visayan', '', '', 'https://cebubulletin.ph/how-to-cook-ginabot/', '', '', 'Meryenda', '', 0),
(25, 'Cansi', 'Cansi is the Ilonggo version of Bulalo and Sinigang combined. It is a type of beef soup with a sour broth. Beef shanks are often used to cook this dish. This recipe version is what I use every time I crave for it.', '1. Heat Annatto oil in a soup pot or pressure cooker.\n2. Put the garlic in once the oil gets hot. Cook until the garlic turns light brown.\n3. Add the beef shank. Cook one side for 30 seconds to one minute. Turn it over to cook the other side for about the same time.\n4. Pour water. Let boil.\n5. Add the onion, tomato, and beef cube. Stir.\n6. Add the lemongrass. Cover the pressure cooker and cook for 30 minutes. Note: if using a regular soup pot, cook the beef in low heat for 2 to 3 hours. Add more water if needed.\n7. Safely remove the cover of the pressure cooker. Apply heat and bring the mixture to a boil.\n8. Stir-in the jackfruit and cook for 5 minutes.\n9. Add the peppers. Cook for 2 to 3 minutes.\n10. Pour the contents of the sinigang mix package. Stir. Add fish sauce. Cook for 3 to 5 minutes.\n11. Transfer to a serving bowl. Serve.\n12. Share and enjoy!', 'Visayan', '1 hr and 10 mins', '1', 'https://panlasangpinoy.com/cansi-recipe-ilonggo-bulalo-and-sinigang-in-one-delicious-soup-dish/', 'https://www.youtube.com/embed/NaR4F7S0gB0', '', 'Lunch, Dinner', 'cansi.jpg', 0),
(26, 'Tinu-om', 'It’s a native chicken with soup wrapped and cooked in banana leaves.', '1. Place the chicken in a pot. \n2. Add the onion, tomatoes, vetsin (optional) and salt. \n3. Pour in water just enough to cook the chicken. Boil for about 30 minutes to 1 hour depending on the chicken used. An older chicken usually takes longer to cook.\n4. In separate bowls. Prepare the wrappers by lining the banana leaf on the bowl. Note: saba leaves is better. It affects the aroma and flavor of the tinuom compared to other banana leaves.\n5. Place and divide the boiled chicken pieces with the rest of the ingredients into set of bowls. Gather the ends of the banana leaves, making sure that the ingredients won’t drip by tying it with a string.\n6. Steam the wrapped ingredients and wait for a few minutes. (Another process is to place the wrapped ingredients again in a pot filled with water.)', 'Visayan', '-', '1', 'https://www.mamasguiderecipes.com/2017/06/08/tinuom-na-manok-ng-iloilo/', '-', '-', 'Lunch, Dinner', 'tinuom_na_manok.jpg', 0),
(27, 'Inubarang', 'Inubarang Manok is a dish that’s popular in Visayan regions like Iloilo, Aklan, and Negros. The star of this stew is the ubad, which is the pith of a banana tree. This is not to be confused with ubod, which is its coconut counterpart. Chicken and ubad is a usual pairing, and it lends the dish a unique flavor and texture.', '1. Give the chicken a hard sear once cut in some vegetable oil.\n2. Add in the leeks,garlic, ginger, and onions. Sautee for 10 minutes.\n3. Deglaze the pan with wine or rum.\n4. Add in the water. Simmer for one house.\n5. Add in the ubad, batwan, and lemongrass. Simmer for another 45 minutes.\n6. Season with salt, fish sauce, coconut cream, sugar, and concentrate.\n7. Simmer for 15 minutes.', 'Visayan', '40 mins', '1', 'https://thefatkidinside.com/inubarang-manok-recipe/', 'https://www.youtube.com/embed/K-R0c51oZfw', '413 kCal', 'Lunch, Dinner', 'inubarang_manok.jpg', 0),
(28, 'Moron', 'Suman Moron is a Visayan delicacy that uses glutinous rice flour cooked in coconut milk mixed with cocoa powder. This one is made special by adding chopped peanuts.', '1. In a deep pan, add rice flour, glutinous rice flour and sugar. Whisk to combine.\n2. Add coconut milk and vanilla extract.\n3. Simmer over low heat while stirring regularly until very thick, sticky dough forms. Transfer to a bowl and set aside.\n4. Heat cleaned banana leaves to make them pliable.\n5. Divide the dough into 12 -14 portions each. Take a portion of the white moron and place it on top of one side of the banana leaf and flatten it about 6x4- inch rectangle.\n6. Place a portion of chocolate moron and spread it on top but just within the white one.\n7. Gently roll the two into a cylinder then wrap it with the banana leaf. Tie the ends with a kitchen twine or use a thin strip of banana leaf as a twine. Do the same with the rest of the mixture.\n8. Place the rolled suman moron in a steamer basket and steam over low heat for 30 minutes.\n9. Take them out of the steamer and transfer to a plate to cool down. Serve with hot coffee or hot chocolate.', 'Visayan', '50 mins', '1', 'https://www.foxyfolksy.com/suman-moron/', 'https://www.youtube.com/embed/x2_Bpi4cVTk', '360KCAL', 'Breakfast, Meryenda', 'suman_muron.jpg', 0),
(29, 'Laswa', 'Laswa is essentially a boiled vegetable soup of the most varied, but harmonious set of ingredients. This actually originated in Iloilo, and it is often compared to another vegetable-filled soup dish called Dinengdeng. Both use heaps of vegetables to complete the dish. And some versions of Laswa also make use of bagoong. But Dinengdeng contains less vegetables, and is actually from Ilocos. Laswa ingredients, meanwhile, rely mainly on the vegetables, themselves to provide the flavor and texture.', '1. Boil water in a cooking pot. \n2. Add onion and tomato. Cover and boil for 5 minutes using medium heat. \n3. Add kalabasa and bagoong alamang. Boil for 5 minutes. \n4. Add eggplant, string beans, and okra. Cook for 4 to 5 minutes. \n5. Put shrimp into the pot. Cover and cook for 1 minute. \n6. Add saluyot, amaranth leaves (kulitis), and alugbati. Stir. \n7. Season with salt and ground black pepper. Serve with fried fish on the side. Share and enjoy!', 'Visayan', '30 minutes', '1', 'https://panlasangpinoy.com/laswa-recipe/', 'https://www.youtube.com/embed/ucGdsPLkjPI', '92kcal', 'Lunch, Dinner', 'laswa.jpg', 0),
(30, 'Pocherong Bisaya', 'Pocherong Bisaya is a soup dish of beef leg shanks, corn, saba bananas, bamboo shoots and leafy vegetables cooked in a stock enhanced by ginger & lemongrass', '1. In a pot boil beef shanks for 15 minutes. Drain, rinse and remove any scum. \n2. In a clean pot, add oil then sauté garlic, ginger and onions. \n3. Add the beef shanks, corn, bamboo shoots, lemongrass and salt. Pour enough water to cover the meat then bring it to a boil. Simmer for 1 1/2 hours or until beef is tender. \n4. Add the saba bananas, continue to cook for 15 minutes. \n5. Add the cabbage, continue to cook for 5 minutes. \n6. Add the bok choy and spring onions, continue to cook for 5 minutes. \n7. Season with fish sauce and freshly ground black pepper then serve.', 'Visayan', '3 hours 20 mins', '6', 'https://www.angsarap.net/2017/09/22/pocherong-bisaya/', '-', '-', 'Lunch, DInner', 'pocherong_bisaya.jpg', 0),
(31, 'La Paz Batchoy', 'La Paz Batchoy also referred to as batchoy or batsoy, is a famous noodle soup from La Paz, Iloilo City, made with pork offal, crushed chicharon, meat stock, and fresh egg noodles.', '1. In a deep pot, bring enough water to cover bones to a boil. Add bones and boil, skimming scum that floats on top, for about 10 minutes. Drain bones and discard liquid. \n2. Under cold running water, rinse bones to rid of any scum. Rinse pot. Return the bones to the pot and enough cold water (about 10 to 12 cups) to cover. Bring to a boil, skimming scum that floats on top. Lower heat, cover, and simmer for about 2 hours. \n3. Using a colander, strain broth. Scrape off any attached meat from the bones and set aside. Using a small spoon, scoop out marrow from beef bones and set aside. Discard the bones. \n4. Return broth to the pot and bring to a boil. Add pork shoulder and pork intestines. Cook for about 30 to 40 minutes or until tender. With a slotted spoon, remove from pot and allow to slightly cool to touch. Slice into strips and set aside. \n5. Add liver to pot and cook for about 7 to 10 minutes. With a slotted spoon, remove from pot and allow to slight cool to touch. Slice into strips and set aside. \n6. Add onions and garlic to the pot of hot broth. Cook for about 2 to 3 minutes or until onions and garlic are softened. \n7. Add shrimp paste and stir until dispersed. Add sugar and MSG. Season with rock salt and pepper to taste. \n8. In a saucepot, bring about 3 quarts of water to a boil. Using a strainer basket, submerge noodles for about 30 to 40 seconds. Drain well and divide into serving bowls. \n9. Ladle hot broth over the noodles. Top with sliced pork, intestines, liver, and any scrap meat from bones. Divide bone marrow into each bowl, if desired. \n10. Garnish with chicharon, fried garlic bits, and green onions. \n11. Crack a raw egg into each bowl, if desired. Serve hot.', 'Visayan', '4 hrs', '1', 'https://www.kawalingpinoy.com/la-paz-batchoy/', '', '344kcal', 'Breakfast, Meryenda', 'batchoy.jpg', 0),
(32, 'Curacha', 'Curacha is famous in Mindanao, especially in Zamboanga. It’s a spanner crab or red frog crab, a crustacean hybrid native to the waters of Zamboanga and Sulu. It can be cooked with sauce or steamed.', '1. Wash the curacha in running water and use toothbrush to clean the shells if necessary. Drain. \n2. Put the curacha in a cooking pot or medium size wok. Sprinkle with salt, pour the sprite or 7-up and butter. \n3. Bring to a boil than simmer until the curacha is cooked and almost all the liquid has evaporated.', 'Mindanaoan', '', '', 'https://savorfilipino.food.blog/category/mindanao/', 'https://www.youtube.com/embed/NcruwF2murM', '', 'Lunch, Dinner', 'curacha.png', 0),
(33, 'Sinuglaw', 'Sinuglaw is a dish composed of grilled pork belly and fish ceviche.', 'Place the tuna meat in a bowl then pour-in 1/2 cup of vinegar. Soak for 8 minutes. \nUsing a spoon of fork, press the tuna meat lightly. \nDrain the vinegar then combine cucumber, onion, ginger, finger chili, Thai or Bird’s eye chili, and salt. Mix well. \nSqueeze the lemon until all the juices are extracted then pour-in the remaining 3/4 cup vinegar. Mix well and soak for 10 minutes. \nPut-in the Grilled pork belly and mix thoroughly. Let the mixture stand for at least 1 hour (you may place this inside the refrigerator). \nTransfer to a serving plate then serve. \nShare and enjoy!', 'Mindanaoan', '30 mins', '1', 'https://panlasangpinoy.com/sinuglaw-recipe/#recipe', 'https://www.youtube.com/embed/z5ZLUCfAMbk', '', 'Lunch, Dinner', 'sinuglaw.jpg', 0),
(34, 'Pyanggang Chicken', 'Pyanggang Chicken comes from the Tausug tribe of Mindanao, Philippines, and is a dish that is traditionally stewed in its flavorful sauce, then finished on the grill.', '1. Burning and extracting the coconut meat: On a hard outdoor surface, rest each coconut on its side and firmly tap its shell with a hammer, rotating it with each strike. Crack each coconut in half, discarding the liquid inside. Set aside. Create a flat bed of searing hot coals and place each coconut shell on top, meat-side down. Let the shells roast between 15-20 minutes, until the meat inside is charred black. Carefully remove from the heat and let cool. With a spoon, scrape the coconut meat off its shell and reserve in a bowl. Set aside. \n2. Making the spice paste: Place garlic, onion, ginger, turmeric, green onion, and lemongrass, and chili peppers, if using, in a food processor and grind to break down. Slowly pour in the 3 tablespoons of vegetable oil to create a smooth paste. Drizzle in about one tablespoon of the blackened coconut meat powder and continue to blend. Season with salt, to taste. \n3. Combine the chicken pieces and spice paste together in a bowl or plastic storage bag, making sure the meat is fully coated. Marinate in the refrigerator for several hours, up to overnight. \n4. When ready to grill, remove the chicken pieces from the container and place on a platter. Reserve the spice paste. \n5. Set up your grill for indirect grilling and heat to medium-high. Place a drip pan between the piles of coals. Position the chicken on the grate over the drip pan and cook with the lid down for 40 minutes. \n6. While the chicken is cooking, make the basting sauce. \n7. Add a tablespoon of vegetable oil to a medium saucepan over medium-high heat and stir-fry the spice paste until fragrant. Add the coconut milk and bring to a low boil, continuing to stir. Lower the heat, then add about a half a teaspoon of the burnt coconut meat for color. Season with salt, to taste. Set aside. \n8. After the forty minutes, move the chicken pieces directly over the coals and baste with the sauce. Turn over after ten minutes and repeat the process. (Total cooking time on the chicken thighs will be about 60 minutes. The internal temperature should be 165 degrees.) \n9. Remove the chicken from the heat and serve warm with steaming white rice and the remaining warmed basting sauce.', 'Mindanaoan', '', '4', 'https://barbecuebible.com/recipe/pyanggang-chicken-blackened-coconut-grilled-chicken/', '', '', 'Lunch, Dinner', 'pyanggang_chicken.jpg', 0),
(35, 'Tiyulah Itum', 'Tiyula Itum is not just a popular dish from Mindanao. It’s highly revered by the Tausug. It’s a mainstay in weddings, Hari Raya (breaking of the fast), and all kinds of occasions in Tausug culture. In fact, tiyula itum is a dish typically served to royalties. At the same time, it’s quite difficult to find it in typical Filipino restaurants. Since pork is not used in Filipino Muslim cuisine, tiyula itum makes use of goat or beef.', '1. Chop beef into cubes. In a bowl, combine beef, sliced ginger, minced turmeric, oil, and burnt coconut. Marinate for at least 45 minutes. \n2. Mince garlic, shallots, and chilies. Cut the white part off the lemongrass and pound flat. Tie the green stems into a knot and set aside. \n3. In a pot over medium heat, saute shallots and garlic. Once fragrant, add beef. Place in lemon grass and cover with equal parts water and beef broth until submerged. Bring to a boil. Once boiling, cover and bring it down to a simmer for 2 hours. Replenish with beef broth or water if the soup starts to reduce quite a bit. \n4. Right before serving, add chilies and season to taste.', 'Mindanaoan', '', '', 'https://thefatkidinside.com/this-beef-soup-is-made-with-burnt-coconut-tiyula-itum-from-mindanao/', 'https://www.youtube.com/embed/UTdTTwWfo14', '', 'Lunch, Dinner', 'tiyula.jpg', 0),
(36, 'Satti', 'Satti Recipe is a Tausug delicacy of grilled beef/chicken and cubed rice from ‘puso’ soaked in overflowing Satti sauce. It is a Halal-certified food and resembles a spicy curry dish.', '1. FOR SATTI: Marinate chicken/beef with calamansi, salt, sugar and achuete. Then skewer. Brush with coconut milk (optional) Grill until cooked through. \n2. FOR SAUCE: Boil 6 quarts of water. Add the taro root, curry powder, chicken bouillon cubes, coconut milk and 1 teaspoon peanut butter. Stir, bring it to a boil and simmer. \n3. Using a blender/food processor, make a blended paste of; siling labuyo, ginger, turmeric, onions and oregano leaves. (You may add little water to let it blend together). Set aside. \n4. Make Flour-Cornstarch Mixture: Combine flour, cornstarch, sugar, salt and achuete powder. Add 1 cup (or more) of water, mix it well until free of lumps. \n5. In a pan, heat oil to sauté shrimp paste and tomatoes. Then add the blended paste (from step 2). Sauté until partly dried. \n6. Once the paste becomes partly dry, add this to the boiling water (from step 1). Mix it well and add the coconut milk (optional). \nAdd the Flour-Cornstarch mixture from step. Adjust with water to reach desired thickness. \n8. Simmer over medium flame for about 15 to 30 minutes (or more). Constantly stirring to prevent “sticking” at the bottom of the pot. \n9. Add with little water if needed to adjust the thickness of the soup. \n10. Turn-off heat and let it cool. \n11. Serve it on a platter with Puso (rice), Grilled beef/chicken and Satti Sauce. Enjoy!', 'Mindanaoan', '', '', 'https://www.mamasguiderecipes.com/2021/02/19/satti-recipe/', '', '', 'Lunch, Dinner', 'satti.jpg', 0),
(37, 'Biryani', 'Biryani dish is said to be originally made by the Muslim community in Indian/Persian region. So it’s no surprise that this delicious recipe has made its way to the Muslim community as part of the Mindanao cuisine. Biryani is basically a fried rice dish with bits of chicken or seafood and other spices just like any other famous foods that Muslims are known for.', '1. First, in order to marinate the chicken, take a large bowl, put Greek yogurt, turmeric, chili powder along with salt as per your taste in a small bowl. Mix it well using a spoon and then, add the chicken thighs in the mixture and rub with this mixture. Keep aside for about 20-30 minutes, so that the yogurt mixture is properly absorbed by the chicken. Also, soak saffron in the milk to make saffron milk and keep aside. \n2. In the meanwhile, pour refined oil in a deep-bottomed pan, keeping it on medium flame. Add cumin seeds and green cardamom in it and saute for about 2 minutes. Once done, immediately add the sliced onion and fry for 2-3 minutes straight. Make sure you don’t burn it, so when the onion starts to get brown in color, add tomatoes and tomato puree and fry for another 5 minutes. \n3. Next, add the slit green chilies to the mixture along with ginger-garlic paste, frying the mixture yet again for a minute. Then, add coriander powder and turn the flame to medium-low while stirring and cooking the masala. Quickly, add the marinated chicken and mix for a while so that the ingredients absorb the juices properly. \n4. Turn the flame to medium again and heat-through for about 5-6 minutes only to turn it over to low heat. Cover with a lid and let simmer for 5 minutes. Make sure to keep stirring during the entire process, else the chicken might stick to the bottom, eventually ending up burnt. You can add little water, if you find the consistency too thick. \n5. Once done, turn off the flame and add half of the boiled rice in the pan and keep the rest aside until required. Sprinkle milk soaked saffron along with garam masala, mint and coriander leaves. Put the remaining rice over this layer and garnish with the same mentioned four ingredients. \n6. Lastly, cover the lid, turn the flame to low medium and let the rice cook for about 5 minutes. Once done, put it off and let the biryani stay covered for about another 10 minutes. Serve hot, along with raita or any chutney of your choice.', 'Mindanaoan', '', '', 'https://lynsojor.wordpress.com/2019/02/17/how-to-make-biryani-a-mindanao-recipe/#:~:text=So%20it%27s%20no%20surprise%20that,that%20Muslims%20are%20known%20for.', '', '', 'Lunch, Dinner', 'biryani.jpg', 0);
INSERT INTO `rec` (`rec_id`, `rec_name`, `rec_desc`, `rec_process`, `rec_categ`, `rec_time`, `rec_serving`, `rec_src`, `rec_vid`, `rec_cal`, `rec_mealTime`, `rec_image`, `rec_rate`) VALUES
(38, 'Pastil', 'Chicken Pastil is a Filipino breakfast recipe popular in Mindanao prepared with steamed rice topped with shredded chicken', '1. Prepare the rice, Place rice on your rice cooker pot, rinse rice in cold water. Drain rice fully. Add 3 1/4 cups of water. Place pot into rice cooker then press cook. \n2. Prepare the kagikit, in a pan add a bit of oil then brown chicken thighs on all sides. Add 1 1/2 cups of water (the lesser amount of liquid the better so the taste won’t be diluted) then bring it to a boil, cover your pan then simmer it in low heat and cook for 20 to 25 minutes or until chicken can be flaked easily. \n3. Remove the chicken from the pan, reserve the liquid. Flake the chicken then set it aside. \nIn a clean pan, add oil then sauté garlic and onions, cook until onions are soft. Add the shredded chicken and turmeric. Stir fry for a minute. \n4. Add the soy sauce and freshly ground black pepper, continue to cook while constantly stirring for 5 minutes in medium heat, add a bit of the reserved liquid to give it some moisture. \n5. Season with salt if necessary. \n6. Prepare your banana leaf, run the banana leaf over a stove top with fire on, once it turns shiny, do it on the other side. This will release the banana leaf oil. \n7. For each serving prepare a banana leaf on a work surface, add rice on top and shape it as a log, top it with kagikit then roll the banana leaf and seal the sides. Serve with sliced cucumbers, sliced tomatoes and boiled eggs.', 'Mindanaoan', '55 minutes', '8', 'https://www.angsarap.net/2021/12/13/chicken-pastil/', '', '', 'Breakfast', 'chicken_pastil.jpg', 0),
(39, 'Pancit Canton', 'Filipino Pancit Canton is the perfect one-pot meal for family dinners or special occasions. Made with wheat noodles and assorted meat and vegetables, this noodle stir fry is hearty, tasty, and sure to be a family favorite!', '1. In a wok or wide pan over high heat, heat about 1 tablespoon oil. Add snow peas and cook, stirring regularly, for about 30 seconds. Remove from pan and drain on paper towels. \n2. If needed, add another tablespoon oil. Add shrimps and cook, stirring regularly, for about 2 to 3 minutes or just until color changes to pink. Remove from pan and drain on paper towels. \n3. Add fish balls and cook, stirring regularly, for about 1 minute or until lightly browned. Remove from pan and drain on paper towels. \n4. Add hamonado and cook, stirring regularly, for about 1 to 2 minutes or until lightly browned. \n5. Wipe down wok as needed. Heat another 1 tablespoon of oil. Add onions and garlic, and cook until softened. \n6. Add pork and cook, stirring regularly, for about 2 to 3 minutes. \n7. Add chicken and cook, stirring regularly, for about another 2 to 3 minutes or until meat are lightly browned. \n8. Add broth and bring to a boil, skimming scum that may float on top. Continue to cook until pork and chicken are cooked through. \n9. Add soy sauce and oyster sauce and stir well to combine. Season with salt and pepper to taste. \n10. Add carrots and cook for about 1 minute. \n11. Add kinchay and cabbage and continue to cook for about 1 minute or until vegetables are tender yet crisp. \n12. Add noodles and gently toss to combine. Cook, tossing gently, until most of liquid is absorbed. \n13. Add shrimp, fish balls, sausages, and snow peas, and gently toss to combine. Cook for another 1 to 2 minutes or until heated through and noodles are al-dente. Serve hot.', 'Popular', '50 minutes', '6', 'https://www.kawalingpinoy.com/pancit-canton/#wprm-recipe-container-27616', 'https://www.youtube.com/embed/CppY23wHGfA', '558 kcal', 'Meryenda', 'pancit_canton.jpg', 0),
(40, 'Pancit Bihon Guisado', 'Pancit Bihon Guisado is the perfect dish for everyday meals and special occasions. It\'s loaded with noodles, meat, seafood, and vegetables for a hearty and tasty noodle stir-fry that\'s sure to be a crowd favorite.', '1. In a large pot over medium heat, combine chicken stock and soy sauce. Bring to a boil. \n2. Submerge noodles into the liquid and cook, using tongs to loosen strands, for about 1 to 2 minutes or just until softened. Drain noodles and reserve about 1 1/2 to 2 cups of the liquid. \n3. In a wok or wide skillet over medium heat, heat about 1 tablespoon oil. Add shrimp and cook for about 1 to 2 minutes or until color changes to pink. Remove from heat and drain on paper towels. \n4. Add pork hamonado and cook, stirring regularly, until they start to brown. \n5. Wipe down wok or skillet as needed and heat another tablespoon of oil. Add onions and garlic and cook until softened. \n6. Add chicken and cook, stirring regularly, for about 3 to 5 minutes or until lightly browned. \n7. Add carrots and celery and cook for about 30 to 40 seconds. \n8. Add cabbage and cook for about 30 to 40 seconds. Continue to cook until vegetables are tender yet crisp. \n9. Return shrimp and hamonado to the wok. \n10. Add noodles and reserved liquid in 1/2 cup increments. Gently toss and stir, adding more liquid as needed, until noodles are cooked yet firm to bite, vegetables are tender-crisp, and liquid is absorbed. \n11. Season with salt and pepper to taste. Transfer to serving platter and garnish with chopped green onions. Serve with calamansi wedges.', 'Popular', '40 minutes', '8', 'https://www.kawalingpinoy.com/pancit-bihon-guisado/#wprm-recipe-container-17878', 'https://www.youtube.com/embed/JcNUZKyChlw', '389 kcal', 'Meryenda', 'pancit_bihon_guisado', 0),
(41, 'Pancit Palabok', 'Pancit Palabok is a variation of pancit, a classic dish many Filipinos enjoy. Despite the many different kinds of pancit in the country, palabok is easily recognized by certain trademark characteristics: its thin noodles and orange sauce in particular. Some say that one synonym of palabok is “salsa na malapot” –– meaning, a sauce that is gooey and viscous in nature.', '1. Soak the rice noodles in water for about 15 minutes. Drain and set aside.\n2. Cook the sauce by heating a saucepan. Pour-in the cooking oil.\n3. When the oil is hot enough, put-in the ground pork and cook for about 5 to 7 minutes\n4. Dilute the annato powder in pork broth then pour the mixture in the saucepan. Bring to a boil (If you are using anatto seeds, soak them first in 3 tbsp water to bring-out the color)\n5. Add the shrimp cube and stir and simmer for 3 minutes\n6. Add the flour gradually while stirring.\n7. Add the fish sauce and ground black pepper then simmer until sauce becomes thick. Set aside.\n8. Meanwhile, boil enough water in a pot.\n9. Place the soaked noodles in a strainer (use metal or bamboo strainer) then submerge the strainer in the boiling water for about a minute or until the noodles are cooked. (make sure that the noodles are still firm)\n10. Remove the strainer from the pot and drain the liquid from the noodles.\n11. Place the noodles in the serving plate.\n12. Pour the sauce on top of the noodles then arrange the toppings over the sauce.\n13. Serve with a slice of lemon or calamansi. Share and enjoy!', 'Popular', '45 minutes', '6', 'https://panlasangpinoy.com/asian-filipino-food-noodles-pansit-pancit-palabok-recipe/#recipe', 'https://www.youtube.com/embed/HlMN-zMM5ag', '679 kcal', 'Meryenda', 'pancit_palabok', 0),
(42, 'Lechon', 'An indispensable delicacy in the Philippine celebrations, lechon — also known as lechon baboy — is a dish in which the entire pig or piglet is stuffed, glazed, and slowly spit-roasted over coals. The most coveted part is the crispy, golden brown skin, which tops the tender meat that melts in one’s mouth. The preparation of lechon is lengthy, but the Filipinos see it as an excellent opportunity to socialize.', '1. Take a pig whose entrails have been removed and wash its inside with boiling water. Leave to drain. \n2. Rub the mixture of salt and pepper on the pig’s skin and its inside. \n3. Skewer a pig on a long bamboo stick. \n4. Prepare the stuffing by pounding together lemon grass and spring onions, and mixing them with bay leaves, garlic, and onion. Stuff the pig and sew its belly with a kitchen thread. \n5. To make the skin red and crispy, brush it with evaporated milk. \n6. Roast the pig for 4 to 5 hours over hot charcoal, until the meat is tender. Occasionally, glaze the skin with the remaining evaporated milk.', 'Popular', '5 hours and 30 minut', '20', 'https://www.tasteatlas.com/lechon/recipe', '', '', 'Lunch, Dinner', 'lechon.jpg', 0),
(43, 'Chicken Adobo', 'Chicken Adobo is a type of Filipino chicken stew. Chicken pieces are marinated in soy sauce and spices, pan-fried, and stewed until tender. The dish gained popularity because of its delicious taste and ease in preparation.', '1. Combine chicken, soy sauce, and garlic in a large bowl. Mix well. Marinate the chicken for at least 1 hour. Note: the longer the time, the better \n2. Heat a cooking pot. Pour cooking oil. \n3. When the oil is hot enough, pan-fry the marinated chicken for 2 minutes per side. \n4. Pour-in the remaining marinade, including garlic. Add water. Bring to a boil \n5. Add dried bay leaves and whole peppercorn. Simmer for 30 minutes or until the chicken gets tender \n6. Add vinegar. Stir and cook for 10 minutes. \n7. Put-in the sugar, and salt. Stir and turn the heat off.Serve hot. Share and Enjoy!', 'Popular', '40 minutes', '1', 'https://panlasangpinoy.com/filipino-chicken-adobo-recipe/#recipe', 'https://www.youtube.com/embed/a-R4-vaqcOg', '607 kcal', 'Lunch, Dinner', 'chicken_adobo.jpg', 0),
(44, 'Adobong Pusit', 'Adobong Pusit is a tasty squid dish cooked using the popular Filipino adobo method. Squid is first boiled in soy sauce and vinegar then later sautéed in garlic, onions and tomatoes; this brings in an awesome array of flavors that will surely activate your taste buds.', '1. Heat a wok or cooking pot them pour-in soy sauce, vinegar, and water then bring to a boil. \n2. Add the squid and wait for the liquid to re-boil. Simmer for 5 minutes. \n3. Turn off the heat then separate the squid from the liquid. Set aside. \n4. Pour-in cooking oil on a separate wok of cooking pot then apply heat. \n5. When the oil is hot enough, sauté the garlic, onions, and tomatoes. \n6. Put-in the squid then cook for a few seconds. \n7. Pour-in the soy sauce-vinegar-water mixture that was used to cook the squid a while back. Bring to a boil and simmer for 3 minutes. \n8. Add the ink, salt, ground black pepper, and sugar then stir. Simmer for 3 minutes. \n9. Transfer to a serving bowl then serve. \n10. Share and enjoy! \nNote: If you want a thicker sauce, remove the squid from the wok or cooking pot and let the sauce boil until enough liquid evaporates. Once done, you may top the squid with the sauce.', 'Popular', '30 minutes', '1', 'https://panlasangpinoy.com/adobong-pusit-recipe/#recipe', 'https://www.youtube.com/embed/9KpHl5LO63k', '101 kcal', 'Lunch, Dinner', 'adobong_pusit.jpg', 0),
(45, 'Lumpiang Shanghai', 'This is a traditional Filipino recipe for lumpia, or fried spring rolls. They\'re made with paper-thin lumpia wrappers and filled with a savory mixture of ground pork, cabbage, and other vegetables. Serve lumpia as a side dish or appetizer with a sweet chili dipping sauce.', '1. Heat 1 tablespoon vegetable oil in a wok or large skillet over high heat. Add pork; cook and stir until crumbly and no pink is showing, 5 to 7 minutes. Remove pork from the pan and set aside. Drain grease from the pan, leaving just a thin coating. \n2. Add onion and garlic to the pan; cook and stir until fragrant, about 2 minutes. Stir in the cooked pork, carrots, green onions, cabbage, and cilantro. Season with pepper, salt, garlic powder, and soy sauce. Remove from the heat, and set aside until cool enough to handle, about 5 minutes. \n3. Assemble lumpia: Place 3 heaping tablespoons of filling diagonally near one corner of a lumpia wrapper, leaving a 1 1/2 inch space at both ends. Fold the side along the length of the filling over the filling, tuck in both ends, and roll neatly and tightly to close. Moisten the other side of the wrapper with water to seal the edge. Transfer to a plate and cover with plastic wrap to retain moisture. Repeat to assemble remaining lumpia. \n4. Heat 1/2 inch vegetable oil in a heavy skillet over medium heat for 5 minutes. \n5. Slide 3 to 4 lumpia into the hot oil, making sure the seams are facing down. Fry, turning occasionally, until all sides are golden brown, 1 to 2 minutes. Transfer to a paper towel-lined plate to drain. Repeat to fry remaining lumpia. Serve immediately.', 'Popular', '1 hour and 10 minute', '15', 'https://www.allrecipes.com/recipe/35151/traditional-filipino-lumpia/', '', '168 kcal', 'Meryenda, Lunch Dinner', 'lumpia.jpg', 0),
(46, 'Kaldereta', 'Beef Kaldereta is a main stay in any Filipino Kitchen. It is a type of beef stew cooked with tomato sauce and liver spread. Ingredients such as potato, carrots, bell peppers, and olives are also utilized when cooking this dish.', '1. Heat the cooking oil in the cooking pot or pressure cooker.\n2. Sauté the onion and garlic.\n3. Add the beef. Cook for 5 minutes or until the color turns light brown.\n4. Add the dried bay leaves and crushed pepper. Stir.\n5. Add the liver spread. Stir.\n6. Pour-in the tomato sauce and beef broth.\n7. Cook the beef until it becomes tender (about 30 mins if using a pressure cooker, or 1 to 2 hours if using an ordinary pot).\n8. Add potato and carrots. Cook for 8 to 10 minutes.\n9. Put the green olives and bell peppers in the cooking pot. Stir and continue to cook for 5 minutes more.\n10. Add salt and pepper to taste\n11. Serve Hot. Enjoy!', 'Popular', '1 hour and 10 minute', '1', 'https://panlasangpinoy.com/beef-kaldereta/#recipe', 'https://www.youtube.com/embed/Txrf7b75rc8', '589 kcal', 'Lunch, Dinner', 'kaldereta.jpg', 0),
(47, 'Kare-kare', 'Kare Kare is a type of Filipino stew with a rich and thick peanut sauce. It is a popular dish in the Philippines served during special occasions. The traditional recipe is composed of ox tail. There are instances wherein both ox tripe and tail are used. The vegetable components of the dish are string beans, eggplant, bok choy, and banana blossoms. Lightly browned toasted ground rice is used to thicken the sauce.', '1. In a large pot, bring the water to a boil \n2. Put in the oxtail followed by the onions and simmer for 2.5 to 3 hrs or until tender (35 minutes if using a pressure cooker) \n3. Once the meat is tender, add the ground peanuts, peanut butter, and coloring (water from the annatto seed mixture) and simmer for 5 to 7 minutes \n4. Add the toasted ground rice and simmer for 5 minutes \n5. On a separate pan, saute the garlic then add the banana flower, eggplant, and string beans and cook for 5 minutes \n6. Transfer the cooked vegetables to the large pot (where the rest of the ingredients are) \n7. Add salt and pepper to taste \n8. Serve hot with shrimp paste. Enjoy!', 'Popular', '2 hours and 40 minut', '1', 'https://panlasangpinoy.com/kare-kare-recipe/#recipe', 'https://www.youtube.com/embed/ll0lufTkGq4', '934 kcal', 'Lunch, Dinner', 'kare_kare.jpg', 0),
(48, 'Tortang Talong', 'Tortang Talong is an iconic Filipino dish that is healthy and easy to make, even a novice cook can whip it up in no time! This is a great go-to dish for those who are on a budget but are looking for something substantial and satisfying.', '1. Bring a pot of water to boil. Poke small holes in the eggplant and boil for 5 minutes or until cooked. Remove from water and let it cool down a bit before peeling the skins. \n2. Cut it into two, lengthwise (stem included). (No need to cut if using small eggplants).Flatten the eggplants using a fork making sure that it is still intact and attached to the stem. \n3. Saute garlic and onion in a tablespoon of oil until limp. Add the ground pork and season with salt and pepper. Let it cook, stirring constantly, for 5 minutes or until all pieces are cooked. Remove from heat and set aside. \n4. Beat the eggs in a bowl then add the ground pork and flour to the beaten eggs. \n5. On a skillet or pan preferably non-stick), heat a tablespoon of oil over medium-low heat. Scoop 2-3 tablespoon of the mixture into the pan, spreading it into a circle enough to cover a piece of the eggplant. Lay the eggplant on top and arrange it that it spreads flat over the egg mixture. Let it cook for 2-3 minutes or until the bottom side is lightly browned. Carefully transfer it to a plate. \n6. Add some more oil to the pan if needed, then scoop another 2-3 tablespoon of the mixture and spread like before. Now lay the same eggplant on top of the mixture with the top-side facing down to sandwich the eggplant with the egg mixture. Cook until lightly browned. \n7. Repeat this with the rest of the eggplants. \n8. Serve while still warm with rice and ketchup as dip.', 'Popular', '30 minutess', '1', 'https://www.foxyfolksy.com/tortang-talong-eggplant-omelette/#recipe', 'https://www.youtube.com/embed/3qfMj6b1Bsg', '319 kcal', 'Breakfast, Lunch, Dinner', 'tortang_talong.jpg', 0),
(49, 'Sinigang na Baboy', 'Sinigang na baboy (pork sinigang) is an all-time favorite Filipino dish of pork cooked in a sour soup of tamarind. Made, usually, with a lot of vegetables, so it is also very nutritious.', '1. Place pork ribs in a large pot. Pour water and bring to a rolling boil over high heat. Use a slotted spoon to skim off the scum that floats to the surface. \n2. Add the red onion, tomatoes and fish sauce. Once it starts to boil again, cover the pot with the lid and lower the temperature to low. Let it simmer until pork becomes tender. \n3. Add the taro and cover and simmer again for 5 minutes. \n4. Toss in the string beans and radish and let it cook for 2 minutes \n5. Add the okra, eggplant, finger chili, and the kangkong stalks. \n6. Add the tamarind paste and mix until dissolved. Season with salt if needed.', 'Popular', '1 hour and 10 minute', '1', 'https://www.foxyfolksy.com/sinigang-na-baboy/', 'https://www.youtube.com/embed/L-nnICN8NII', '573 kcal', 'Lunch, Dinner', 'sinigang_na_baboy.jpg', 0),
(50, 'Sinigang na Hipon', 'A variation of the beloved Filipino sour soup dish that is cooked with shrimp with tamarind as a souring agent.', '1. Bring 1 liter of water in a pot to a boil over medium-high heat. \n2. Add the tomatoes and onions. Cook for 2 minutes. Add the radish and cook for another 2 minutes. \n3. Add the shrimp. Once the shrimp turn pink, add the tamarind mix. Simmer for about 2 minutes. \n4. Add the beans followed by the okra, and chili. Bring back to boil and cook for 2 minutes. \n5. Season with fish sauce and add the eggplant. Cook for a minute and, lastly, add the water spinach. Push the leaves down gently until submerged. Simmer for another minute. \n6. Transfer to serving bowls and serve while hot with rice.', 'Popular', '20 minutes', '1', 'https://www.foxyfolksy.com/sinigang-na-hipon-shrimp-in-sour-soup/', 'https://www.youtube.com/embed/bzGm-9FyKzw', '121 kcal', 'Lunch, Dinner', 'sinigang_na_tilapia.jpg', 0),
(51, 'Tapa', 'Beef Tapa is a classic Filipino dish often served for breakfast with garlic fried rice and sunny side up eggs. It\'s easy to make and sure to be a family favorite.', '1. In a non-reactive bowl, combine soy sauce, calamansi juice, garlic, sugar, salt, and pepper. Stir until sugar and salt are dissolved. \n2. Add beef and massage to fully coat with marinade. Keep overnight in the refrigerator to cure. Drain meat from marinade. \n3. In a wide pan over medium heat, heat about 1 tablespoon oil. \n4. Add beef in a single layer and cook, turning on sides, for about 3 to 5 minutes or until liquid (meat will dispel liquid) is almost absorbed. \n5. Add another 1 tablespoon of oil and continue to cook until meat is lightly browned. \n6. Remove from pan and cut into serving portions. Serve hot.', 'Popular', '15 minutes', '1', 'https://www.kawalingpinoy.com/filipino-beef-tapa/#wprm-recipe-container-31341', 'https://www.youtube.com/embed/N0gS8l7kLP4', '354 kcal', 'Breakfast, Lunch, Dinner', 'tapa.jpg', 0),
(52, 'Turon', 'Turon is a type of Filipino snack. It is also called deep-fried banana rolls or banana lumpia. A typical Filipino meryenda and dessert, Turon has gained popularity throughout the years.', '1. Roll the banana on the sugar plate and ensure that the banana is coated with enough sugar \n2. Place the banana with sugar coating in the spring roll wrapper and add some ripe jackfruit \n3. Fold and lock the spring roll wrapper, use water to seal the edge \n4. In a pan, heat the oil and put-in some sugar.Wait until the brown sugar floats \n5. Put-in the wrapped banana and fry until the wrapper turns golden brown and the extra sugar sticks on wrapper \n6. Serve hot as a dessert or snack. Share and Enjoy!', 'Popular', '22 minutes', '1', 'https://panlasangpinoy.com/turon/#recipe', 'https://www.youtube.com/embed/4QeQ4O6WHkc', '292 kcal', 'Meryenda', 'turon.jpg', 0),
(53, 'Crispy Pata', 'Crispy Pata made whole pork leg boiled until tender and then deep-fried until golden and crisp. Crunchy on the outside and moist on the inside, this popular Filipino delicacy is sinfully delicious', '1. With a knife, scrape any stray hairs on pork leg and trim off nails. \n2. In a large pot over medium heat, combine pork leg, vinegar, 7-up, enough water to cover, garlic, peppercorns, bay leaves, and 1/3 cup salt. Bring to a boil, skimming scum that may accumulate on top. \n3. Lower heat, cover, and then simmer for about 1-1/2 to 2 hours or until meat is tender but not falling apart. If the meat is drying before it is fully cooked, add more water in 1 cup increments. \n4. Drain pork leg, discarding liquid and aromatics. Place on a rack and allow to cool to touch, \n5. Sprinkle with about 2 tablespoons salt and massage all over. Place in a container with a lid and freeze overnight. \n6. In a large, tall pot over medium heat, heat about 4 to 5 cups of oil (enough to cover the pork leg during deep-frying) to 350 F. \n7. Gently add pork leg and deep-fry, turning as needed, until golden. \n8. Remove pork from the pat and drain on a wire rack set over a baking sheet. Let rest for about 3 to 5 minutes before chopping. Serve hot with dipping sauce. \n9. Dipping Sauce: In a small bowl, combine vinegar, soy sauce, shallots, garlic, chili peppers, and salt and pepper to taste. Stir well.', 'Popular', '10 hours and 30 minu', '1', 'https://www.kawalingpinoy.com/crispy-pata/#wprm-recipe-container-16070', 'https://www.youtube.com/embed/9c1cdS6lipw', '560 kcal', 'Lunch, Dinner', 'crispy_pata.jpg', 0);

-- --------------------------------------------------------

--
-- Table structure for table `recing`
--

CREATE TABLE `recing` (
  `recId` int(11) NOT NULL,
  `ingId` int(11) NOT NULL,
  `ingQuant` float DEFAULT NULL,
  `ingUnit` varchar(50) DEFAULT NULL,
  `ingIns` varchar(500) DEFAULT NULL
) ENGINE=InnoDB DEFAULT CHARSET=utf8mb4;

--
-- Dumping data for table `recing`
--

INSERT INTO `recing` (`recId`, `ingId`, `ingQuant`, `ingUnit`, `ingIns`) VALUES
(1, 1, 3.7, 'ml', ''),
(1, 2, 0.25, '', 'peeled and chopped'),
(1, 3, 0.5, '', 'peeled and minced'),
(1, 4, 0.06, 'kg', 'cut into 1-inch cubes'),
(1, 5, 3.75, 'g', ''),
(1, 6, 0.5, '', 'chopped'),
(1, 7, 0.13, '', 'peeled and cut into pieces'),
(1, 8, 2, '', 'ends trimmed'),
(1, 9, 0.13, '', 'ends trimmed and cut into 3-inch lengths'),
(1, 10, 0.25, '', 'seeded, halved and cut into 1-inch think'),
(1, 11, 0.25, '', 'end trimmed and cut into 1 inch thick'),
(1, 12, 118.3, 'ml', ''),
(1, 21, 0, '', 'to taste'),
(2, 13, 0.11, 'kg', 'snout, ears'),
(2, 12, 0, '', ''),
(2, 14, 0.25, '', ''),
(2, 20, 3.7, 'ml', ''),
(2, 82, 0.6, 'ml', ''),
(2, 15, 0.03, 'kg', ''),
(2, 16, 28, 'g', ''),
(2, 17, 7, 'ml', ''),
(2, 2, 0.13, '', 'peeled and slice thinly'),
(2, 18, 0.13, '', 'peeled and minced'),
(2, 19, 0.38, '', 'stemmed and minces'),
(2, 21, 0, '', 'to taste'),
(3, 23, 0.11, 'kg', 'cut into 1/2 inch strips'),
(3, 24, 29.57, 'ml', ''),
(3, 25, 14.79, 'ml', ''),
(3, 2, 0.25, '', 'peeled and sliced thinly'),
(3, 14, 0.5, '', ''),
(3, 82, 0.6, 'ml', 'cracked'),
(3, 3, 1, '', 'peeled and minced'),
(3, 1, 3.7, 'ml', ''),
(3, 26, 0.25, '', 'cored, seeded, and sliced into strips'),
(3, 12, 59.15, 'ml', ''),
(3, 27, 0.11, 'kg', 'cut into 1/2 inch strips'),
(3, 28, 18.13, 'g', 'thawed'),
(3, 20, 0, '', 'to taste'),
(4, 4, 0.3, 'kg', ''),
(4, 29, 40.22, 'ml', ''),
(4, 12, 634, 'ml', ''),
(4, 1, 473, 'ml', ''),
(5, 30, 75.6, 'g', 'cubed'),
(5, 31, 75.6, 'g', 'cleaned'),
(5, 32, 75.6, 'g', 'cleaned'),
(5, 27, 37.8, 'g', 'cubed'),
(5, 34, 75.6, 'g', 'cubed'),
(5, 35, 3.67, 'g', ''),
(5, 2, 0.17, '', 'chopped'),
(5, 18, 0.5, '', 'minced'),
(5, 3, 0.83, '', 'crushed'),
(5, 36, 0.5, '', 'sliced'),
(5, 12, 314.6, 'ml', ''),
(5, 37, 0, '', 'to taste'),
(5, 21, 0, '', 'to taste'),
(5, 1, 7, 'ml', ''),
(6, 38, 0.17, '', 'sliced and grilled'),
(6, 39, 118, 'ml', 'cleaned'),
(6, 40, 78, 'ml', ''),
(6, 8, 2.5, '', ''),
(6, 9, 0.17, '', 'sliced into 3 inch pieces'),
(6, 10, 0.33, '', 'bitter gourd, cored and sliced'),
(6, 41, 7.4, 'ml', ''),
(6, 18, 0.17, '', 'sliced'),
(6, 6, 0.33, '', 'chopped'),
(6, 2, 0.17, '', 'onion'),
(6, 12, 118, 'ml', ''),
(7, 42, 0.25, 'cup', ''),
(7, 43, 1, 'tbsp', ''),
(7, 44, 0.33, 'cup', ''),
(7, 45, 0.17, 'cup', ''),
(7, 46, 0.06, 'cup', ''),
(7, 47, 0.08, 'cup', 'softened'),
(7, 48, 0.13, '', ''),
(7, 49, 0.67, '', ''),
(7, 50, 0.17, '', ''),
(8, 1, 2.46, 'ml', ''),
(8, 2, 0.17, '', 'peeled and sliced thinly'),
(8, 3, 1, '', 'clove, peeled and minced'),
(8, 4, 0.15, 'kg', 'cut into 1-inch subes'),
(8, 5, 4.93, 'g', ''),
(8, 44, 0.17, 'can', ''),
(8, 12, 39.43, 'ml', ''),
(8, 19, 2.33, 'pcs', 'stemmed and minced'),
(8, 36, 0.33, 'cups', 'sliced'),
(8, 51, 39.43, 'ml', ''),
(8, 21, 0, '', 'to taste'),
(9, 52, 9.45, '', ''),
(9, 53, 0.33, '', ''),
(9, 1, 0.17, 'tbsp', ''),
(9, 2, 0.17, '', 'peeled and chopped'),
(9, 3, 0.17, '', 'clove, peeled and minced'),
(9, 18, 0.17, '', 'thumb-size, peeled and minced'),
(9, 4, 75.6, 'g', 'diced'),
(9, 82, 0, '', 'to taste'),
(9, 5, 0.17, 'tbsp', ''),
(9, 44, 0.67, 'cups', ''),
(9, 19, 1.33, '', 'chopped'),
(9, 51, 0.17, 'cups', ''),
(9, 20, 0, '', 'to taste'),
(10, 54, 1, 'kg', ''),
(10, 47, 0.25, 'cup', 'or butter'),
(10, 55, 0.5, 'cup', ''),
(10, 45, 78.9, 'ml', ''),
(10, 48, 0, '', 'for toppings'),
(11, 56, 86, 'g', ''),
(11, 57, 0.5, 'cups', 'chopped'),
(11, 58, 0.25, '', 'medium, julienned'),
(11, 59, 0.25, 'cups', ''),
(11, 60, 0.5, 'cups', ''),
(11, 61, 42.5, 'g', 'sliced'),
(11, 62, 42.5, 'g', 'medium, shell and head removed'),
(11, 25, 0.06, 'cup', ''),
(11, 63, 0.5, 'tbsp', ''),
(11, 82, 0, '', 'ground, to taste'),
(11, 3, 0.5, 'tsp', 'minced'),
(11, 1, 0.75, 'tbsp', ''),
(12, 64, 0.5, '', 'whole, cleaned, scaled and gutted'),
(12, 6, 0.6, '', 'large,diced'),
(12, 65, 1, '', 'peeled and chopped'),
(12, 18, 0.25, '', 'thumb-sized, peeled and minced'),
(12, 66, 0.25, 'tsp', ''),
(12, 67, 0.5, 'bunch', 'stems trimmed'),
(12, 68, 1, '', '1 ft long'),
(12, 44, 0.25, 'can', ''),
(12, 36, 0.5, '', ''),
(12, 2, 0, '', 'to taste'),
(13, 69, 4.5, 'cups', ''),
(13, 70, 1.5, 'cups', ''),
(13, 71, 4, 'tbsp', ''),
(13, 45, 4, 'tbsp', ''),
(13, 50, 2, '', ''),
(13, 72, 3.5, 'tsp', ''),
(13, 20, 1.5, 'tsp', ''),
(13, 1, 0, '', ''),
(14, 73, 172, 'g', 'sliced into cubes'),
(14, 74, 0.25, '', ''),
(14, 36, 1, '', ''),
(14, 24, 30.75, 'ml', ''),
(14, 2, 0.25, '', 'medium, chopped'),
(14, 3, 1, '', 'clove, crushed'),
(14, 12, 132.5, 'ml', ''),
(14, 82, 0.06, 'tsp', 'ground'),
(14, 75, 0.25, 'cup', ''),
(14, 1, 0.75, 'tbsp', ''),
(14, 20, 0, '', 'to taste'),
(15, 76, 2, 'pcs', ''),
(15, 77, 300, 'g', ''),
(15, 78, 500, 'g', 'skin on'),
(15, 3, 8, 'cloves', 'minced'),
(15, 2, 1, 'large', 'minced'),
(15, 79, 4, '', ''),
(15, 26, 1, 'large', 'finely diced'),
(15, 24, 1.5, 'cups', ''),
(15, 51, 0.5, 'cup', ''),
(15, 44, 1, 'cup', ''),
(15, 80, 4, 'pcs', 'finely chopped'),
(15, 81, 2, 'stalks', ''),
(15, 63, 0, '', ''),
(15, 20, 0, '', 'ground'),
(15, 82, 0, '', ''),
(15, 1, 0, '', ''),
(16, 126, 0.5, 'kg', ''),
(16, 127, 3, 'pcs', ''),
(16, 2, 100, 'g', 'coarsely chopped'),
(16, 17, 6, 'pcs', 'extract the juice'),
(16, 128, 1, 'tbsp', ''),
(16, 129, 0.125, 'tsp', ''),
(16, 47, 1, 'tbsp', ''),
(16, 130, 3, 'pcs', ''),
(17, 1, 0.33, 'tbsp', ''),
(17, 131, 0.33, 'pcs', 'sliced into 1/2 inch thick'),
(17, 132, 0.17, 'lb', 'boneless and skinless, cut into 2 inch cubes'),
(17, 2, 0.17, '', 'peeled and sliced thinly'),
(17, 3, 0.33, '', 'peeled and minced'),
(17, 63, 0.17, 'tbsp', ''),
(17, 133, 0.33, 'cups', 'unwashed'),
(17, 44, 0.33, 'cups', ''),
(17, 60, 0.33, 'cups', ''),
(17, 58, 0.17, 'large', 'peeled and julienned'),
(17, 26, 0.08, '', 'seeded, cored and cut into strips'),
(17, 134, 0.08, '', 'seeded, cored and cut into strips'),
(17, 28, 0.17, 'cup', 'frozen, thawed'),
(17, 142, 0.04, 'cup', ''),
(17, 143, 0.33, 'tsp', ''),
(17, 21, 0, '', 'to taste'),
(17, 144, 0.33, '', 'peeled and quartered'),
(17, 26, 0, '', 'strips'),
(17, 134, 0, '', 'strips'),
(17, 58, 0, '', 'florets'),
(17, 106, 0, '', 'wilted'),
(18, 1, 0.17, 'tbsp', ''),
(18, 150, 0.33, 'tbsp', ''),
(18, 2, 0.17, 'medium', 'chopped'),
(18, 3, 0.5, 'cloves', 'minced'),
(18, 77, 0.25, 'g', 'minced'),
(18, 24, 20, 'ml', ''),
(18, 20, 0.17, 'tbsp', ''),
(18, 129, 0.17, 'tbsp', ''),
(18, 58, 41.67, 'ml', 'cut in small dices'),
(18, 152, 0.33, 'pcs', 'cut into thin diagonal piees'),
(19, 4, 0.23, 'kg', 'cut into 2 inch cubes'),
(19, 12, 0.28, 'l', ''),
(19, 2, 0.17, '', 'peeled and quartered'),
(19, 63, 2.46, 'ml', ''),
(19, 154, 0.17, 'bunch', ''),
(19, 155, 0.07, 'kg', ''),
(19, 156, 1.33, 'pcs', 'peeled and cut into 2-inch chunks'),
(19, 20, 0, '', 'to taste'),
(20, 12, 0.41, 'L', ''),
(20, 155, 2.5, '', 'halved and seeded'),
(20, 2, 0.25, '', 'peeled and quartered'),
(20, 154, 0.25, 'bunch', ''),
(20, 63, 3.7, 'ml', ''),
(20, 158, 0.25, '', 'scaled, gutted and cut into serving parts'),
(20, 159, 0.06, 'kg', 'trendrils trimmed'),
(20, 20, 0, '', 'to taste'),
(21, 96, 0.25, 'bunch', 'stemmed an leaves separated'),
(22, 4, 0.4, 'lbs', 'cubed'),
(22, 97, 1, 'pc', ''),
(22, 98, 0.3, 'cup', ''),
(22, 12, 0.1, 'cup', ''),
(22, 99, 0.2, 'ounce', ''),
(22, 100, 0.2, 'tbsp', 'salted'),
(22, 24, 0.3, 'tbsp', ''),
(22, 25, 0.05, 'cup', ''),
(22, 2, 0.1, 'pc', ''),
(22, 101, 0.2, 'tbsp', ''),
(22, 3, 0.6, 'clove', 'crushed and chopped'),
(22, 102, 0.05, 'tsp', 'crushed and chopped'),
(23, 69, 1, 'cup', 'dusting'),
(23, 83, 12, 'tsp', ''),
(23, 20, 1, 'tsp', ''),
(23, 71, 3, 'tbsp', 'cold, cubed'),
(23, 12, 5, 'tbsp', 'ice'),
(24, 103, 1, 'kg', 'cleaned and sliced'),
(24, 12, 3, 'cups', ''),
(24, 3, 2, 'cloves', 'minced, crushed'),
(24, 20, 1, 'tsp', ''),
(24, 1, 0, '', ''),
(24, 50, 1, 'pc', ''),
(24, 104, 0, '', ''),
(24, 19, 0, '', ''),
(24, 24, 0, '', ''),
(25, 3, 3, 'cloves', 'minced'),
(25, 1, 0, '', ''),
(25, 6, 2, 'pcs', 'quartered'),
(25, 84, 1, 'kg', 'shank with bone marrow'),
(25, 81, 2, 'stalks', 'tied into knots with thick end crushed'),
(25, 85, 4, 'pcs', ''),
(25, 86, 1, 'tbsp', ''),
(25, 87, 0.5, 'cup', 'sliced'),
(25, 20, 0, '', 'to taste'),
(25, 88, 0.75, 'pc', 'sliced'),
(25, 89, 0.75, 'pc', 'sliced'),
(25, 2, 0.25, 'pc', 'quartered'),
(25, 90, 1, 'pc', ''),
(25, 91, 20, 'g', ''),
(25, 12, 2.5, 'cups', ''),
(25, 63, 0.75, 'tbsp', 'to taste'),
(26, 2, 2, 'pcs', ''),
(26, 6, 3, 'pcs', '(3-4)'),
(26, 81, 1, 'bundle', ''),
(26, 18, 1, 'thumb size', ''),
(26, 20, 0, '', ''),
(26, 105, 0, '', 'optional'),
(26, 92, 1, 'whole', ''),
(26, 12, 2, 'cups', '(2-3)'),
(26, 106, 0, '', 'for wrapping (preferably saba)'),
(26, 107, 0, '', 'for tying'),
(27, 92, 1, 'whole', 'native, chopped into manageable pieces'),
(27, 108, 2, '', ''),
(27, 2, 4, 'cloves', 'crushed'),
(27, 18, 2, 'tbsp', 'minced'),
(27, 2, 2, '', 'red, quartered'),
(27, 22, 78.86, 'ml', '(optional)'),
(27, 12, 2, 'cups', ''),
(27, 109, 1.5, 'cups', 'cubed, pitched and soaked and drained ubad (soaked in salted water)'),
(27, 110, 78.86, 'ml', ''),
(27, 81, 3, 'stalks', ''),
(27, 63, 1, 'tsp', ''),
(27, 20, 1, 'pinch', ''),
(27, 51, 1.5, 'cups', ''),
(27, 101, 1, 'tbsp', ''),
(27, 111, 2, 'tbsp', ''),
(28, 112, 1, 'cup', ''),
(28, 42, 1, 'cup', ''),
(28, 45, 118.29, 'ml', ''),
(28, 113, 1, 'tsp', ''),
(28, 44, 400, 'ml', ''),
(29, 62, 1.33, 'pcs', 'cleaned'),
(29, 11, 0.33, 'pcs', ''),
(29, 7, 0.25, 'cups', 'diced'),
(29, 9, 2.5, 'pcs', 'cut into 2 inch pieces'),
(29, 114, 0.17, 'cup', ''),
(29, 115, 0.33, 'cup', ''),
(29, 116, 0.17, 'cup', ''),
(29, 8, 1.33, 'pcs', ''),
(29, 6, 0.33, '', 'wedged'),
(29, 2, 0.17, '', 'wedged'),
(29, 117, 2, 'tsp', ''),
(29, 12, 5, 'cups', ''),
(29, 21, 0, '', 'to taste'),
(30, 118, 1.5, 'kg', 'cut into sections'),
(30, 119, 4, 'pcs', 'sliced'),
(30, 120, 1, 'cup', ''),
(30, 121, 2, 'ears', 'fresh, cut into 3 sections'),
(30, 122, 2, 'bunches', ''),
(30, 57, 1, '', 'quartered'),
(30, 81, 4, 'stalks', 'white parts pounded'),
(30, 123, 6, 'stalks', 'sliced'),
(30, 2, 1, '', 'quartered'),
(30, 3, 6, 'cloves', 'minced'),
(30, 63, 0, '', ''),
(30, 20, 0, '', ''),
(30, 18, 1, 'pc', 'peeled and thinly sliced'),
(30, 82, 0, '', ''),
(30, 1, 0, '', ''),
(31, 124, 1, 'lb', 'boiled for 1 minute and drained'),
(31, 61, 0.17, 'lb', ''),
(31, 103, 0.17, 'lb', 'cleaned, boiled, and sliced'),
(31, 15, 0.04, 'lb', 'sliced into strips'),
(31, 20, 0.25, 'tsp', ''),
(31, 82, 0.08, 'tsp', 'ground'),
(31, 45, 0.33, 'tsp', ''),
(31, 5, 0.17, 'tsp', ''),
(31, 33, 0.17, 'tsp', ''),
(31, 125, 0.17, 'cup', 'crushed'),
(31, 123, 0.5, 'tbsp', 'chopped'),
(31, 3, 0.04, 'cup', 'toasted'),
(31, 12, 1.17, 'cup', ''),
(32, 135, 1, 'kg', ''),
(32, 71, 2, 'tbsp', ''),
(32, 20, 1, 'tbsp', ''),
(32, 136, 1, 'cup', 'can also be 7 up'),
(33, 4, 1, 'lb', 'grilled and chopped'),
(33, 137, 1, 'lb', 'fresh'),
(33, 138, 2, 'cups', 'seeded and thinly sliced'),
(33, 24, 1.25, 'cup', ''),
(33, 2, 1, 'pc', 'sliced'),
(33, 18, 2, 'tbsp', 'julliened'),
(33, 80, 4, 'pc', 'sliced'),
(33, 139, 1, 'pc', ''),
(33, 53, 4, 'pc', '(4-6), chopped'),
(33, 20, 1, 'tsp', ''),
(34, 132, 4, 'pc', ''),
(34, 140, 2, 'pc', 'green husk removed'),
(34, 94, 2, 'heaping tbsp', 'burnt, ground with a spoon'),
(34, 3, 4, 'cloves', 'peeled and diced'),
(34, 2, 0.25, 'pc', 'peeled and rough-chopped'),
(34, 18, 1.5, 'inch of a knob', 'peeled and chopped'),
(34, 223, 1.5, 'tsp', ''),
(34, 141, 1, 'pc', 'trimmed and sliced crosswise'),
(34, 81, 1, 'stalk', 'lower part ony, trimmed and sliced crosswise'),
(34, 53, 2, 'pc', 'stemmed and rough-chopped (optional)'),
(34, 1, 3, 'tbsp', ''),
(34, 44, 1.5, 'cup', 'unsweetened'),
(34, 1, 1, 'tbsp', ''),
(34, 0, 1, 'cup', 'remaining spice paste'),
(35, 145, 600, 'g', ''),
(35, 18, 2, 'pc', 'sliced'),
(35, 146, 1, 'pc', ''),
(35, 147, 1, 'pc', 'optional'),
(35, 140, 5, 'tbsp', 'burnt'),
(35, 1, 2, 'tbsp', ''),
(35, 1, 2, 'tbsp', 'sauteeing'),
(35, 65, 0.33, 'cup', 'minced'),
(35, 3, 6, 'cloves', 'minced'),
(35, 81, 1, 'bunch', ''),
(35, 80, 4, 'pc', 'thinly sliced'),
(35, 148, 1.5, 'L', ''),
(35, 12, 0, '', 'additional'),
(35, 21, 0, '', 'to taste'),
(36, 84, 0.5, 'K', 'meat for bbq (can be chicken)'),
(36, 44, 0.5, 'cup', 'brush meat upon grilling'),
(36, 149, 0, '', ''),
(36, 19, 8, 'pc', ''),
(36, 18, 4, 'pc', ''),
(36, 146, 1, 'tsp', ''),
(36, 2, 1, 'pc', ''),
(36, 151, 5, 'pc', '(1 tsp if using oregano powder'),
(36, 1, 0, '', ''),
(36, 5, 0.25, 'tsp', ''),
(36, 6, 1, 'pc', 'chopped'),
(36, 69, 0.125, 'cup', '(depends on the user\'s preference to the stickiness'),
(36, 104, 0.5, 'cup', ''),
(36, 153, 0.083, 'cup', ''),
(36, 20, 1, 'tbsp', ''),
(36, 150, 15, 'g', ''),
(36, 157, 3, 'pc', ''),
(36, 44, 0.25, 'cup', ''),
(36, 160, 1, 'tsp', ''),
(36, 161, 1, 'tsp', ''),
(36, 162, 1, 'pc', 'small, 2 inch diameter'),
(37, 163, 600, 'gm', ''),
(37, 164, 4, 'tbsp', 'minced'),
(37, 20, 0, '', ''),
(37, 165, 2, 'tsp', ''),
(37, 166, 1, 'tsbp', 'paste'),
(37, 167, 2, 'tsbp', ''),
(37, 168, 400, 'gm', 'thinly sliced'),
(37, 169, 8, '', ''),
(37, 70, 1, 'tbsp', ''),
(37, 132, 1, 'kg', ''),
(37, 170, 1, 'tsp', ''),
(37, 171, 2, 'pinches', ''),
(37, 172, 1, 'tbsp', ''),
(37, 89, 4, '', 'sliced and slit'),
(37, 6, 320, 'gm', 'chopped'),
(37, 173, 2, 'tsp', ''),
(37, 174, 6, 'tbsp', ''),
(38, 132, 1, 'kg', 'skin and bone on'),
(38, 175, 4, 'pcs', 'finely chopped'),
(38, 3, 6, 'cloves', 'minced'),
(38, 25, 125, 'ml', ''),
(38, 146, 1, 'tsp', ''),
(38, 1, 0, '', ''),
(38, 20, 0, '', ''),
(38, 176, 0, '', ''),
(38, 177, 465, 'g', ''),
(38, 133, 0.5, 'cup', ''),
(38, 138, 0, '', 'sliced'),
(38, 6, 0, '', 'sliced'),
(38, 178, 0, '', ''),
(38, 106, 0, '', ''),
(39, 1, 0, '', ''),
(39, 179, 8, '', 'ends trimmed'),
(39, 159, 8, 'pcs', 'peeled and deveined'),
(39, 180, 113.4, 'g', 'halved'),
(39, 181, 170.1, 'g', 'sliced thinly on a bias'),
(39, 2, 1, '', 'peeled and chopped'),
(39, 182, 113.4, 'g', 'sliced thinly'),
(39, 183, 113.4, 'g', 'boneless, skinless, sliced thinly'),
(39, 58, 1, '', 'large, peeled and julienned'),
(39, 184, 0.5, 'bunch', 'chopped'),
(39, 185, 1, 'head', 'sliced into 1/2-inch strips'),
(39, 60, 940, 'g', ''),
(39, 186, 2, 'tbsp', ''),
(39, 25, 2, 'tbsp', ''),
(39, 187, 2, 'pack', '(8 ounces each)'),
(40, 188, 0.95, 'liter', ''),
(40, 25, 59.15, 'ml', ''),
(40, 189, 226.8, 'g', ''),
(40, 190, 29.57, 'ml', ''),
(40, 159, 226.8, 'peeled and deveined', ''),
(40, 191, 453.59, 'g', 'cut thinly on a bias'),
(40, 2, 1, '', 'peeled and sliced thinly'),
(40, 3, 2, 'cloves', 'peeled and minced'),
(40, 183, 226.8, 'g', 'boneless, skinless, sliced thinly'),
(40, 58, 2, '', 'large, peeled and sliced thinly on a bias'),
(40, 192, 2, 'stalks', 'sliced thinly on a bias'),
(40, 57, 1, '', 'small, chopped'),
(40, 21, 0, '', 'to taste'),
(40, 141, 0, '', 'chopped'),
(40, 193, 0, '', 'cut into wedges'),
(41, 189, 500, 'g', 'bihon'),
(41, 1, 2, 'tbsp', ''),
(41, 194, 226.8, 'g', ''),
(41, 150, 1, 'tbsp', ''),
(41, 196, 705, 'g', ''),
(41, 197, 1, 'pc', ''),
(41, 198, 6, 'tbsp', ''),
(41, 63, 2, 'tbsp', ''),
(41, 176, 0.5, 'tsp', ''),
(41, 4, 135, 'g', 'boiled and sliced thinly into small pieces'),
(41, 199, 113.4, 'g', 'fried and sliced into cubes'),
(41, 200, 45, 'g', 'smoked fish'),
(41, 125, 118.29, 'g', 'pounded'),
(41, 144, 2, '', 'sliced'),
(41, 62, 118.29, 'g', 'boiled or steamed'),
(41, 141, 25, 'g', 'finely chopped'),
(41, 3, 3, 'tbsp', 'toasted'),
(41, 193, 6, 'pcs', 'sliced'),
(42, 201, 1, 'whole', ''),
(42, 81, 15, 'bundles', '(10-20)'),
(42, 79, 15, '', ''),
(42, 3, 1, 'kg', ''),
(42, 2, 1, 'kg', ''),
(42, 21, 2.5, 'cups', '(2-3)'),
(42, 46, 0, '', ''),
(43, 92, 226.79, 'g', 'cut into serving pieces'),
(43, 79, 0.75, 'pcs', 'dried'),
(43, 25, 1, 'tbsp', ''),
(43, 24, 0.5, 'tbsp', ''),
(43, 3, 0.75, 'cloves', 'crushed'),
(43, 12, 125, 'g', ''),
(43, 1, 14, 'g', ''),
(43, 153, 0.13, 'tbsp', ''),
(43, 20, 0.13, 'tsp', '(optional)'),
(43, 102, 0.25, 'tbsp', ''),
(44, 202, 226.79, 'g', 'medium-sized, cleaned and ink separated'),
(44, 2, 0.25, 'pc', 'diced'),
(44, 6, 0.5, 'pcs', 'medium-sized, diced'),
(44, 25, 29, 'g', ''),
(44, 24, 31.88, 'g', ''),
(44, 12, 31.88, 'g', ''),
(44, 3, 1.25, 'cloves', 'crushed'),
(44, 153, 0.25, 'tsp', ''),
(44, 21, 0, '', 'to taste'),
(44, 1, 0.5, 'tbsp', ''),
(45, 190, 1, 'tbsp', ''),
(45, 194, 1, 'lb', ''),
(45, 2, 0.5, 'cup', 'chopped'),
(45, 3, 2, 'cloves', 'crushed'),
(45, 58, 0.5, 'cup', 'minced'),
(45, 141, 0.5, 'cup', 'chopped'),
(45, 57, 0.5, 'cup', 'thinly sliced'),
(45, 203, 0.5, 'cup', 'thinly sliced (optional)'),
(45, 176, 1, 'tsp', ''),
(45, 204, 1, 'tsp', ''),
(45, 25, 1, 'tsp', ''),
(45, 205, 30, '', ''),
(45, 190, 2, 'cups', 'for frying, or as needed'),
(46, 84, 151.2, 'g', 'cubed'),
(46, 3, 0.5, 'cloves', 'crushed and chopped'),
(46, 148, 80, 'g', ''),
(46, 26, 0.17, 'pc', 'sliced'),
(46, 134, 0.17, 'pc', 'sliced'),
(46, 206, 40.82, 'g', ''),
(46, 207, 6.75, 'g', 'processed using blender'),
(46, 208, 0.17, 'tsp', ''),
(46, 79, 0.5, 'pcs', 'dried'),
(46, 209, 70, 'g', 'sliced'),
(46, 58, 42.67, 'g', 'sliced'),
(46, 1, 9.33, '', ''),
(46, 2, 0.17, 'pc', 'finely chopped'),
(46, 210, 15, 'g', ''),
(46, 21, 0, '', 'to taste'),
(47, 211, 1.36, 'kg', 'cut in 2 inch slices you an also use tripe or beef slices'),
(47, 212, 1, 'pc', 'small, sliced'),
(47, 67, 1, 'bundle', 'can also use bok choy'),
(47, 9, 1, 'bundle', 'cut into 2 inch slices'),
(47, 11, 4, 'pcs', 'sliced'),
(47, 213, 1, 'cup', ''),
(47, 214, 0.5, 'cup', ''),
(47, 5, 0.5, 'cup', ''),
(47, 12, 963.89, 'g', ''),
(47, 195, 118.29, 'g', 'soaked in a cup of water'),
(47, 215, 92.5, 'g', ''),
(47, 3, 1, 'tbsp', 'minced'),
(47, 2, 1, 'pc', 'chopped'),
(47, 21, 0, '', ''),
(48, 11, 0.25, '', 'long variety'),
(48, 1, 1.25, 'tbsp', ''),
(48, 2, 0.25, '', 'medium-sized, chopped'),
(48, 3, 0.25, 'clove', 'minced'),
(48, 195, 62.5, 'g', ''),
(48, 50, 1, '', ''),
(48, 69, 0.25, 'tsp', ''),
(48, 21, 0, '', ''),
(49, 216, 0.25, 'kg', ''),
(49, 12, 0.5, 'liters', ''),
(49, 2, 0.25, '', 'medium-sized, cut into quarters'),
(49, 6, 1, 'pc', 'cut into quarters'),
(49, 63, 0.75, 'tbsp', ''),
(49, 156, 0.5, 'pcs', 'peeled and cut into quarters'),
(49, 9, 1.5, 'pcs', 'cut into 2-inch long pieces'),
(49, 217, 0.25, '', 'peeled and cut thin diagonally'),
(49, 8, 2, 'pcs', 'ends trimmed'),
(49, 154, 0.25, 'bunch', 'leaves and tender stalks separated'),
(49, 152, 0.5, '', ''),
(49, 218, 1, 'tbsp', ''),
(49, 20, 0, '', ''),
(49, 11, 0.25, '', 'cut into 1-inch pieces'),
(50, 12, 0.17, 'liter', ''),
(50, 6, 0.5, '', 'cut into quarters'),
(50, 2, 0.17, '', 'cut into quarters'),
(50, 217, 0, '', 'cut into slices'),
(50, 159, 113.33, 'g', ''),
(50, 35, 0.17, 'pack', ''),
(50, 9, 0.17, 'bunch', 'cut into 2-inch long pieces'),
(50, 8, 1, 'pcs', ''),
(50, 11, 0.17, '', 'cut into slices'),
(50, 152, 0.33, 'pcs', ''),
(50, 63, 0.5, 'tbsp', ''),
(50, 154, 0, 'bunch', 'tips and upper stalk only'),
(51, 25, 19.71, 'ml', ''),
(51, 17, 9.86, 'ml', ''),
(51, 3, 0.17, 'head', 'peeled and minced'),
(51, 153, 4.93, 'g', ''),
(51, 20, 0.41, 'g', ''),
(51, 82, 0.2, 'g', ''),
(51, 219, 0.23, 'kg', 'thinly sliced'),
(51, 1, 0, '', ''),
(52, 220, 1, 'pcs', 'saba or plantains, cut in half (lengthwise)'),
(52, 221, 27.5, 'g', 'ripe, sliced'),
(52, 153, 50, 'g', ''),
(52, 205, 2, 'pcs', ''),
(52, 1, 74.67, 'g', ''),
(53, 222, 0.25, 'whole', ''),
(53, 24, 0.25, 'cup', ''),
(53, 136, 0.25, 'can', ''),
(53, 3, 0.25, 'head', 'peeled and minced'),
(53, 102, 0.25, 'tbsp', ''),
(53, 79, 0.75, '', ''),
(53, 20, 0, '', ''),
(53, 1, 1.25, 'cups', ''),
(53, 24, 0.25, 'cups', 'for the dipping sauce'),
(53, 25, 0.06, '', 'for the dipping sauce'),
(53, 65, 0.5, '', 'for the dipping sauce, peeled and chopped'),
(53, 1, 3, 'cloves', 'for the dipping sauce, peeled and minced'),
(53, 19, 0.5, '', 'for the dipping sauce, peeled and minced'),
(53, 21, 0, '', 'for the dipping sauce, to taste');

-- --------------------------------------------------------

--
-- Table structure for table `users`
--

CREATE TABLE `users` (
  `user_id` int(11) NOT NULL,
  `user_name` varchar(50) NOT NULL,
  `user_email` varchar(50) NOT NULL,
  `user_password` varchar(100) NOT NULL
) ENGINE=InnoDB DEFAULT CHARSET=utf8mb4;

--
-- Dumping data for table `users`
--

INSERT INTO `users` (`user_id`, `user_name`, `user_email`, `user_password`) VALUES
(1, 'Junkyu', 'junkyu@email.com', '$2b$10$6cQDSGfj.RbpdPLjKhYEfOKDwjzpH9dNldjGbdhO4IaRcq3PflN7S'),
(2, 'Hyunsuk', 'hyunsuk@email.com', '$2b$10$Frr5a1gA6W97g2o4mPhYqulRC2S/QkokiJv7sUwJqdiotyNvnE5U6'),
(3, 'Haruto', 'haruto@email.com', '$2b$10$bl/3C8eyIiEEiZVSagPQQOMBkAbmPQ6CDOroIj0y9AFiO9ZW5Xg6.'),
(5, 'Jayziol', 'jayziol@email.com', '$2b$10$Skif0FMup80y0BZtEgKl.uh/mcLY.RvqgiCIJ4LZwh4/AuS9Cusdy'),
(6, 'Asahi', 'asahi@email.com', '$2b$10$GoB.2x12SSY1/2P0n1FOEueTjARWLymsY49IASOuLRqVXG.3/Od7a'),
(7, 'Trulufridae', 'bruxebesuze-4055@yopmail.com', '$2b$10$R41s4WztVHXdffzbQ4Ih5u3syw3a3uLuTltx2t35STZFRkM6X53zG'),
(8, 'plapla', 'yappaucaweve-9348@yopmail.com', '$2b$10$NcpC4d417xp8e/bxqeTJ/.NbPpvLxujRQHuFjcs4cxrNQkJNamGkq'),
(9, 'ledu', 'ledujeunaye-8272@yopmail.com', '$2b$10$zQbOL7rUU.FRMl2U5T0AL.Z.4seBJxb2B0AtDR5wv4I1ZAx8Z5b.K'),
(10, 'tigire', 'tigirehawu-4087@yopmail.com', '$2b$10$CV/78MJG/2Kgts33y4MbmOwi/C.fOu4XEQcYz.mXzTpfCpNXj/DyO');

--
-- Indexes for dumped tables
--

--
-- Indexes for table `admins`
--
ALTER TABLE `admins`
  ADD PRIMARY KEY (`admin_id`);

--
-- Indexes for table `ing`
--
ALTER TABLE `ing`
  ADD PRIMARY KEY (`ing_id`);

--
-- Indexes for table `rec`
--
ALTER TABLE `rec`
  ADD PRIMARY KEY (`rec_id`);

--
-- Indexes for table `users`
--
ALTER TABLE `users`
  ADD PRIMARY KEY (`user_id`);

--
-- AUTO_INCREMENT for dumped tables
--

--
-- AUTO_INCREMENT for table `admins`
--
ALTER TABLE `admins`
  MODIFY `admin_id` int(11) NOT NULL AUTO_INCREMENT, AUTO_INCREMENT=4;

--
-- AUTO_INCREMENT for table `ing`
--
ALTER TABLE `ing`
  MODIFY `ing_id` int(11) NOT NULL AUTO_INCREMENT, AUTO_INCREMENT=226;

--
-- AUTO_INCREMENT for table `rec`
--
ALTER TABLE `rec`
  MODIFY `rec_id` int(11) NOT NULL AUTO_INCREMENT, AUTO_INCREMENT=61;

--
-- AUTO_INCREMENT for table `users`
--
ALTER TABLE `users`
  MODIFY `user_id` int(11) NOT NULL AUTO_INCREMENT, AUTO_INCREMENT=11;
COMMIT;

/*!40101 SET CHARACTER_SET_CLIENT=@OLD_CHARACTER_SET_CLIENT */;
/*!40101 SET CHARACTER_SET_RESULTS=@OLD_CHARACTER_SET_RESULTS */;
/*!40101 SET COLLATION_CONNECTION=@OLD_COLLATION_CONNECTION */;
